sku;nombre;descripcion;seller;cat_fcom;nombre_cat_fcom;estado_publicacion;precio1;precio2;precio3;precio4;tipo_precio1;tipo_precio2;fcom_url;fecha_publicacion;origen;jl1;jl1_nombre;jl2;jl2_nombre;jl3;jl3_nombre;mkp_nombre
6674591;MK Audífono Awei Es-q3 Stereo Cable 3.5 Mm 94201 P;Audífono Awei Es-q3 Stereo Cable 3.5 Mm 94201 P;Fernapet;cat1640004;In-Ear;Publicado;;;  4990.0;;NORMAL;;http://falabella.scene7.com/is/image/Falabella/6674591_1?$producto308$;23/08/2018 22:05;Market Place;J11;ELECTRO HOGAR;J1114;ACCESORIOS;J111401;ACCESORIOS AUDIO;MK Audífono Awei Es-q3 Stereo Cable 3.5 Mm 94201 P
6674590;MK Audífono Awei Es-q3 Stereo Cable 3.5 Mm 94201 A;Audífono Awei Es-q3 Stereo Cable 3.5 Mm 94201 A;Fernapet;cat1640004;In-Ear;Publicado;;;  4990.0;;NORMAL;;http://falabella.scene7.com/is/image/Falabella/6674590_1?$producto308$;23/08/2018 22:06;Market Place;J11;ELECTRO HOGAR;J1114;ACCESORIOS;J111401;ACCESORIOS AUDIO;MK Audífono Awei Es-q3 Stereo Cable 3.5 Mm 94201 A
6674592;MK Audífono Awei Es-q3 Stereo Cable 3.5 Mm 94201 N;Audífono Awei Es-q3 Stereo Cable 3.5 Mm 94201 N;Fernapet;cat1640004;In-Ear;Publicado;;;  4990.0;;NORMAL;;http://falabella.scene7.com/is/image/Falabella/6674592_1?$producto308$;23/08/2018 22:04;Market Place;J11;ELECTRO HOGAR;J1114;ACCESORIOS;J111401;ACCESORIOS AUDIO;MK Audífono Awei Es-q3 Stereo Cable 3.5 Mm 94201 N
6674586;MK Audífono Manos Libres Awei Es900i 94203 T;Audífono Manos Libres Awei Es900i 94203 T;Fernapet;cat1820034;Manos Libres;Publicado;;;7990.0;;NORMAL;;http://falabella.scene7.com/is/image/Falabella/6674586_1?$producto308$;23/08/2018 22:07;Market Place;J11;ELECTRO HOGAR;J1114;ACCESORIOS;J111401;ACCESORIOS AUDIO;MK Audífono Manos Libres Awei Es900i 94203 T
6674585;MK Audífono Manos Libres Awei Es900i 94203 D;Audífono Manos Libres Awei Es900i 94203 D;Fernapet;cat1820034;Manos Libres;Publicado;;;7990.0;;NORMAL;;http://falabella.scene7.com/is/image/Falabella/6674585_1?$producto308$;23/08/2018 22:07;Market Place;J11;ELECTRO HOGAR;J1114;ACCESORIOS;J111401;ACCESORIOS AUDIO;MK Audífono Manos Libres Awei Es900i 94203 D
6674584;MK Audífono Manos Libres Awei Es900i 94203 M;Audífono Manos Libres Awei Es900i 94203 M;Fernapet;cat1820034;Manos Libres;Publicado;;;7990.0;;NORMAL;;http://falabella.scene7.com/is/image/Falabella/6674584_1?$producto308$;23/08/2018 22:08;Market Place;J11;ELECTRO HOGAR;J1114;ACCESORIOS;J111401;ACCESORIOS AUDIO;MK Audífono Manos Libres Awei Es900i 94203 M
6668886;MK Toalla Sanitaria Mascotas 100 Pcs 33x45 Cm 3493;Toalla Sanitaria Mascotas 100 Pcs 33x45 Cm 34934;Fernapet;cat9360001;Mundo Mascotas;Publicado;;    35990.0;;NORMAL;;http://falabella.scene7.com/is/image/Falabella/6668886_1?$producto308$;21/08/2018 00:34;Market Place;J17;REGALOS;J1701;REGALERIA;J170108;ADORNOS;MK Toalla Sanitaria Mascotas 100 Pcs 33x45 Cm 3493
6668862;MK Espejo Joyero Organizador Madera Mdp 11440;Espejo Joyero Organizador Madera Mdp 11440;Fernapet;cat6510008;Adornos;Publicado;;      49990.0;;NORMAL;;http://falabella.scene7.com/is/image/Falabella/6668862_1?$producto308$;21/08/2018 00:28;Market Place;J17;REGALOS;J1701;REGALERIA;J170109;FUNCIONALES;MK Espejo Joyero Organizador Madera Mdp 11440
6668864;MK Audífono Magnético Awei A921bl Inalambrico 9421;Audífono Magnético Awei A921bl Inalambrico 94214 N;Fernapet;cat7690003;Audifonos Bluetooth;Publicado;;      18990.0;;NORMAL;;http://falabella.scene7.com/is/image/Falabella/6668864_1?$producto308$;21/08/2018 00:29;Market Place;J11;ELECTRO HOGAR;J1114;ACCESORIOS;J111401;ACCESORIOS AUDIO;MK Audífono Magnético Awei A921bl Inalambrico 9421
6668865;MK Audífono Magnético Awei A921bl Inalambrico 9421;Audífono Magnético Awei A921bl Inalambrico 94214 A;Fernapet;cat7690003;Audifonos Bluetooth;Publicado;;      18990.0;;NORMAL;;http://falabella.scene7.com/is/image/Falabella/6668865_1?$producto308$;21/08/2018 00:30;Market Place;J11;ELECTRO HOGAR;J1114;ACCESORIOS;J111401;ACCESORIOS AUDIO;MK Audífono Magnético Awei A921bl Inalambrico 9421
6668869;MK Parlantes Componentes Bowmann 16 Cm Tweeter 212;Parlantes Componentes Bowmann 16 Cm Tweeter 21225;Bowmann;cat1870079;Parlantes y Subwoofer Autos;Publicado;;      19990.0;;NORMAL;;http://falabella.scene7.com/is/image/Falabella/6668869_1?$producto308$;21/08/2018 00:31;Market Place;J11;ELECTRO HOGAR;J1102;AUDIO;J110206;CAR AUDIO;MK Parlantes Componentes Bowmann 16 Cm Tweeter 212
6668880;MK Torre Rascador Para Gatos Bombay 50554;Torre Rascador Para Gatos Bombay 50554;Fernapet;cat9360001;Mundo Mascotas;Despublicado;;;82990.0;;NORMAL;;http://falabella.scene7.com/is/image/Falabella/6668880_1?$producto308$;21/08/2018 00:33;Market Place;J17;REGALOS;J1701;REGALERIA;J170108;ADORNOS;MK Torre Rascador Para Gatos Bombay 50554
6668857;MK Audifono Manos Libres - Awei Es910i Bl 94202 P;Audifono Manos Libres - Awei Es910i Bl 94202 P;Fernapet;cat7690003;Audifonos Bluetooth;Publicado;;; 7990.0;;NORMAL;;http://falabella.scene7.com/is/image/Falabella/6668857_1?$producto308$;21/08/2018 00:26;Market Place;J11;ELECTRO HOGAR;J1114;ACCESORIOS;J111401;ACCESORIOS AUDIO;MK Audifono Manos Libres - Awei Es910i Bl 94202 P
6668859;MK Audifono Manos Libres - Awei Es910i Bl 94202 R;Audifono Manos Libres - Awei Es910i Bl 94202 R;Fernapet;cat7690003;Audifonos Bluetooth;Publicado;;; 7990.0;;NORMAL;;http://falabella.scene7.com/is/image/Falabella/6668859_1?$producto308$;21/08/2018 00:28;Market Place;J11;ELECTRO HOGAR;J1114;ACCESORIOS;J111401;ACCESORIOS AUDIO;MK Audifono Manos Libres - Awei Es910i Bl 94202 R
6674594;MK Audífono Manos Libres - Awei Te55vi 94246 F;Audífono Manos Libres - Awei Te55vi 94246 F;Fernapet;cat1820034;Manos Libres;Publicado;;;8990.0;;NORMAL;;http://falabella.scene7.com/is/image/Falabella/6674594_1?$producto308$;23/08/2018 22:03;Market Place;J11;ELECTRO HOGAR;J1114;ACCESORIOS;J111401;ACCESORIOS AUDIO;MK Audífono Manos Libres - Awei Te55vi 94246 F
6674593;MK Audífono Manos Libres - Awei Te55vi 94246 N;Audífono Manos Libres - Awei Te55vi 94246 N;Fernapet;cat1820034;Manos Libres;Publicado;;;8990.0;;NORMAL;;http://falabella.scene7.com/is/image/Falabella/6674593_1?$producto308$;23/08/2018 22:04;Market Place;J11;ELECTRO HOGAR;J1114;ACCESORIOS;J111401;ACCESORIOS AUDIO;MK Audífono Manos Libres - Awei Te55vi 94246 N
6674583;MK Audífono Manos Libres Awei Es900i 94203 F;Audífono Manos Libres Awei Es900i 94203 F;Fernapet;cat1820034;Manos Libres;Publicado;;;7990.0;;NORMAL;;http://falabella.scene7.com/is/image/Falabella/6674583_1?$producto308$;23/08/2018 22:12;Market Place;J11;ELECTRO HOGAR;J1114;ACCESORIOS;J111401;ACCESORIOS AUDIO;MK Audífono Manos Libres Awei Es900i 94203 F
6674588;MK Audífono Manos Libres Awei Es900i 94203 P;Audífono Manos Libres Awei Es900i 94203 P;Fernapet;cat1820034;Manos Libres;Publicado;;;7990.0;;NORMAL;;http://falabella.scene7.com/is/image/Falabella/6674588_1?$producto308$;23/08/2018 22:06;Market Place;J11;ELECTRO HOGAR;J1114;ACCESORIOS;J111401;ACCESORIOS AUDIO;MK Audífono Manos Libres Awei Es900i 94203 P
6552973;MK Scooter Electrico Patineta BT Autobalance  Bols;Scooter Electrico Patineta Bt Autobalance + Bolso;Fernapet;cat8910010;Eléctricos;Publicado;;      172990.0;;NORMAL;;http://falabella.scene7.com/is/image/Falabella/6552973_1?$producto308$;07/08/2018 00:47;Market Place;J03;DEPORTES;J0306;TIEMPO LIBRE;J030604;RODADOS;MK Scooter Electrico Patineta BT Autobalance  Bols
6552971;MK Scooter Electrico Patineta BT Autobalance  Bols;Scooter Electrico Patineta Bt Autobalance + Bolso;Fernapet;cat8910010;Eléctricos;Publicado;;      172990.0;;NORMAL;;http://falabella.scene7.com/is/image/Falabella/6552971_1?$producto308$;07/08/2018 00:47;Market Place;J03;DEPORTES;J0306;TIEMPO LIBRE;J030604;RODADOS;MK Scooter Electrico Patineta BT Autobalance  Bols
6552970;MK Scooter Electrico Patineta BT Autobalance  Bols;Scooter Electrico Patineta Bt Autobalance + Bolso;Fernapet;cat8910010;Eléctricos;Publicado;;      172990.0;;NORMAL;;http://falabella.scene7.com/is/image/Falabella/6552970_1?$producto308$;07/08/2018 00:47;Market Place;J03;DEPORTES;J0306;TIEMPO LIBRE;J030604;RODADOS;MK Scooter Electrico Patineta BT Autobalance  Bols
6552968;MK Scooter Electrico Patineta BT Autobalance  Bols;Scooter Electrico Patineta Bt Autobalance + Bolso;Fernapet;cat8910010;Eléctricos;Despublicado;;;172990.0;;NORMAL;;http://falabella.scene7.com/is/image/Falabella/6552968_1?$producto308$;07/08/2018 00:47;Market Place;J03;DEPORTES;J0306;TIEMPO LIBRE;J030604;RODADOS;MK Scooter Electrico Patineta BT Autobalance  Bols
6552967;MK Scooter Electrico Patineta BT Autobalance  Bols;Scooter Electrico Patineta Bt Autobalance + Bolso;Fernapet;cat8910010;Eléctricos;Publicado;;      172990.0;;NORMAL;;http://falabella.scene7.com/is/image/Falabella/6552967_1?$producto308$;07/08/2018 00:47;Market Place;J03;DEPORTES;J0306;TIEMPO LIBRE;J030604;RODADOS;MK Scooter Electrico Patineta BT Autobalance  Bols
6552966;MK Scooter Electrico Patineta BT Autobalance  Bols;Scooter Electrico Patineta Bt Autobalance + Bolso;Fernapet;cat8910010;Eléctricos;Publicado;;      172990.0;;NORMAL;;http://falabella.scene7.com/is/image/Falabella/6552966_1?$producto308$;07/08/2018 00:47;Market Place;J03;DEPORTES;J0306;TIEMPO LIBRE;J030604;RODADOS;MK Scooter Electrico Patineta BT Autobalance  Bols
6674631;MK Audífono Inalambrico Bluetooth Awei A885 Bl 942;Audífono Inalambrico Bluetooth Awei A885 Bl 94208;Fernapet;;;Despublicado;;;  24990.0;;NORMAL;;http://falabella.scene7.com/is/image/Falabella/6674631_1?$producto308$;24/08/2018 03:36;Market Place;J17;REGALOS;J1701;REGALERIA;J170108;ADORNOS;MK Audífono Inalambrico Bluetooth Awei A885 Bl 942
6674630;MK Audífono Inalambrico Bluetooth Awei A885 Bl 942;Audífono Inalambrico Bluetooth Awei A885 Bl 94208;Fernapet;;;Despublicado;;;  24990.0;;NORMAL;;http://falabella.scene7.com/is/image/Falabella/6674630_1?$producto308$;24/08/2018 03:36;Market Place;J17;REGALOS;J1701;REGALERIA;J170108;ADORNOS;MK Audífono Inalambrico Bluetooth Awei A885 Bl 942
6674629;MK Audífono Inalambrico Bluetooth Awei A885 Bl 942;Audífono Inalambrico Bluetooth Awei A885 Bl 94208;Fernapet;;;Despublicado;;;  24990.0;;NORMAL;;http://falabella.scene7.com/is/image/Falabella/6674629_1?$producto308$;24/08/2018 03:36;Market Place;J17;REGALOS;J1701;REGALERIA;J170108;ADORNOS;MK Audífono Inalambrico Bluetooth Awei A885 Bl 942
6674628;MK Audífono Inalambrico Bluetooth Awei A885 Bl 942;Audífono Inalambrico Bluetooth Awei A885 Bl 94208;Fernapet;;;Despublicado;;;  24990.0;;NORMAL;;http://falabella.scene7.com/is/image/Falabella/6674628_1?$producto308$;24/08/2018 03:36;Market Place;J17;REGALOS;J1701;REGALERIA;J170108;ADORNOS;MK Audífono Inalambrico Bluetooth Awei A885 Bl 942
6552959;MK Toldo Plegable 3x3 Metro Metal Y Lona Facil Arm;Toldo Plegable 3X3 Metro Metal y Lona;Fernapet;cat1180024;Terrazas;Publicado;;;   45990.0;;NORMAL;;http://falabella.scene7.com/is/image/Falabella/6552959_1?$producto308$;07/08/2018 00:48;Market Place;J13;MUEBLES;J1307;TERRAZA;J130701;METAL;MK Toldo Plegable 3x3 Metro Metal Y Lona Facil Arm
6552957;MK Toldo Plegable 3x3 Metro Metal Y Lona Facil Arm;Toldo Plegable 3X3 Metro Metal y Lona;Fernapet;cat1180024;Terrazas;Publicado;;;   45990.0;;NORMAL;;http://falabella.scene7.com/is/image/Falabella/6552957_1?$producto308$;07/08/2018 00:48;Market Place;J13;MUEBLES;J1307;TERRAZA;J130701;METAL;MK Toldo Plegable 3x3 Metro Metal Y Lona Facil Arm
6552956;MK Toldo Plegable 3x3 Metro Metal Y Lona Facil Arm;Toldo Plegable 3X3 Metro Metal y Lona;Fernapet;cat1180024;Terrazas;Publicado;;;   45990.0;;NORMAL;;http://falabella.scene7.com/is/image/Falabella/6552956_1?$producto308$;07/08/2018 00:48;Market Place;J13;MUEBLES;J1307;TERRAZA;J130701;METAL;MK Toldo Plegable 3x3 Metro Metal Y Lona Facil Arm
6552955;MK Toldo Plegable 3x3 Metro Metal Y Lona Facil Arm;Toldo Plegable 3X3 Metro Metal y Lona;Fernapet;cat1180024;Terrazas;Publicado;;;   45990.0;;NORMAL;;http://falabella.scene7.com/is/image/Falabella/6552955_1?$producto308$;07/08/2018 00:48;Market Place;J13;MUEBLES;J1307;TERRAZA;J130701;METAL;MK Toldo Plegable 3x3 Metro Metal Y Lona Facil Arm
6552953;MK Toldo Plegable 3x3 Metro Metal Y Lona Facil Arm;Toldo Plegable 3X3 Metro Metal y Lona;Fernapet;cat1180024;Terrazas;Publicado;;;   64990.0;;NORMAL;;http://falabella.scene7.com/is/image/Falabella/6552953_1?$producto308$;07/08/2018 00:48;Market Place;J13;MUEBLES;J1307;TERRAZA;J130701;METAL;MK Toldo Plegable 3x3 Metro Metal Y Lona Facil Arm
6552951;MK Toldo Plegable 3x3 Metro Metal Y Lona Facil Arm;Toldo Plegable 3X3 Metro Metal y Lona;Fernapet;cat1180024;Terrazas;Publicado;;;   64990.0;;NORMAL;;http://falabella.scene7.com/is/image/Falabella/6552951_1?$producto308$;07/08/2018 00:48;Market Place;J13;MUEBLES;J1307;TERRAZA;J130701;METAL;MK Toldo Plegable 3x3 Metro Metal Y Lona Facil Arm
6552950;MK Toldo Plegable 3x3 Metro Metal Y Lona Facil Arm;Toldo Plegable 3X3 Metro Metal y Lona;Fernapet;cat1180024;Terrazas;Publicado;;;   38990.0;;NORMAL;;http://falabella.scene7.com/is/image/Falabella/6552950_1?$producto308$;07/08/2018 00:48;Market Place;J13;MUEBLES;J1307;TERRAZA;J130701;METAL;MK Toldo Plegable 3x3 Metro Metal Y Lona Facil Arm
6709124;MK Kit Camaras Wifi CCTV Seguridad 4 Canales 01466;MK Kit Camaras Wifi CCTV Seguridad 4 Canales 01466;Fernapet;;;Despublicado;;       157990.0;;NORMAL;;http://falabella.scene7.com/is/image/Falabella/6709124_1?$producto308$;07/09/2018 01:49;Market Place;J11;ELECTRO HOGAR;J1114;ACCESORIOS;J111412;SMART HOME;MK Kit Camaras Wifi CCTV Seguridad 4 Canales 01466
6709123;MK Kit Cctv Con Pantalla 4 Camara Seguridad 01458;MK Kit Cctv Con Pantalla 4 Camara Seguridad 01458;Fernapet;;;Despublicado;;; 157990.0;;NORMAL;;http://falabella.scene7.com/is/image/Falabella/6709123_1?$producto308$;07/09/2018 01:49;Market Place;J11;ELECTRO HOGAR;J1114;ACCESORIOS;J111412;SMART HOME;MK Kit Cctv Con Pantalla 4 Camara Seguridad 01458
6545120;MK Toldo Plegable 3x6 Metros Metal Y Lona Facil Ar;Toldo Plegable 3X6 Metros Metal y Lona Facil Armar;Fernapet;;;Despublicado;;;  124990.0;;NORMAL;;http://falabella.scene7.com/is/image/Falabella/6545120_1?$producto308$;16/08/2018 09:44;Market Place;J13;MUEBLES;J1307;TERRAZA;J130701;METAL;MK Toldo Plegable 3x6 Metros Metal Y Lona Facil Ar
6545032;MK Toldo Plegable 3x6 Metros Metal Y Lona Facil Ar;Toldo Plegable 3X6 Metros Metal y Lona Facil Armar;Fernapet;;;Despublicado;;;  124990.0;;NORMAL;;http://falabella.scene7.com/is/image/Falabella/6545032_1?$producto308$;16/08/2018 09:44;Market Place;J13;MUEBLES;J1307;TERRAZA;J130701;METAL;MK Toldo Plegable 3x6 Metros Metal Y Lona Facil Ar
6544958;MK Toldo Plegable 3x6 Metros Metal Y Lona Facil Ar;Toldo Plegable 3X6 Metros Metal y Lona Facil Armar;Fernapet;;;Despublicado;;;  124990.0;;NORMAL;;http://falabella.scene7.com/is/image/Falabella/6544958_1?$producto308$;16/08/2018 09:44;Market Place;J13;MUEBLES;J1307;TERRAZA;J130701;METAL;MK Toldo Plegable 3x6 Metros Metal Y Lona Facil Ar
6544881;MK Toldo Plegable 3x6 Metros Metal Y Lona Facil Ar;Toldo Plegable 3X6 Metros Metal y Lona Facil Armar;Fernapet;;;Despublicado;;;  124990.0;;NORMAL;;http://falabella.scene7.com/is/image/Falabella/6544881_1?$producto308$;16/08/2018 09:44;Market Place;J13;MUEBLES;J1307;TERRAZA;J130701;METAL;MK Toldo Plegable 3x6 Metros Metal Y Lona Facil Ar
6544807;MK Toldo Plegable 3x6 Metros Metal Y Lona Facil Ar;Toldo Plegable 3X6 Metros Metal y Lona Facil Armar;Fernapet;;;Despublicado;;;  124990.0;;NORMAL;;http://falabella.scene7.com/is/image/Falabella/6544807_1?$producto308$;16/08/2018 09:44;Market Place;J13;MUEBLES;J1307;TERRAZA;J130701;METAL;MK Toldo Plegable 3x6 Metros Metal Y Lona Facil Ar
6544745;MK Toldo Plegable 3x6 Metros Metal Y Lona Facil Ar;Toldo Plegable 3X6 Metros Metal y Lona Facil Armar;Fernapet;;;Despublicado;;;  124990.0;;NORMAL;;http://falabella.scene7.com/is/image/Falabella/6544745_1?$producto308$;16/08/2018 09:44;Market Place;J13;MUEBLES;J1307;TERRAZA;J130701;METAL;MK Toldo Plegable 3x6 Metros Metal Y Lona Facil Ar
6534912;MK Termolaminadora Ofi. Guillotina 25x30 Micas Car;Termolaminadora Oficina Guillotina 25 cm x 30 cm Micas Carnet;Fernapet;cat90073;Arte y Manualidades;Publicado;;;   38990.0;;NORMAL;;http://falabella.scene7.com/is/image/Falabella/6534912_1?$producto308$;02/07/2018 12:50;Market Place;J17;REGALOS;J1701;REGALERIA;J170108;ADORNOS;MK Termolaminadora Ofi  Guillotina 25x30 Micas Car
6534923;MK Set Maleta 3 Piezas Rígida Ruedas 360;Set Maleta 3 Piezas Rígida Ruedas 360;Fernapet;cat3143;Maletas;Publicado;;;   86990.0;;NORMAL;;http://falabella.scene7.com/is/image/Falabella/6534923_1?$producto308$;02/07/2018 12:50;Market Place;J16;DECORACION;J1602;MALETERIA;J160201;MALETAS;MK Set Maleta 3 Piezas Rígida Ruedas 360
6534922;MK Set Maleta 3 Piezas Rígida Ruedas 360;Set Maleta 3 Piezas Rígida Ruedas 360;Fernapet;cat3143;Maletas;Despublicado;;     86990.0;;NORMAL;;http://falabella.scene7.com/is/image/Falabella/6534922_1?$producto308$;02/07/2018 12:50;Market Place;J16;DECORACION;J1602;MALETERIA;J160201;MALETAS;MK Set Maleta 3 Piezas Rígida Ruedas 360
6534921;MK Set Maleta 3 Piezas Rígida Ruedas 360;Set Maleta 3 Piezas Rígida Ruedas 360;Fernapet;cat3143;Maletas;Publicado;;;   86990.0;;NORMAL;;http://falabella.scene7.com/is/image/Falabella/6534921_1?$producto308$;02/07/2018 12:50;Market Place;J16;DECORACION;J1602;MALETERIA;J160201;MALETAS;MK Set Maleta 3 Piezas Rígida Ruedas 360
6534920;MK Set Maleta 3 Piezas Rígida Ruedas 360;Set Maleta 3 Piezas Rígida Ruedas 360;Fernapet;cat3143;Maletas;Publicado;;;   86990.0;;NORMAL;;http://falabella.scene7.com/is/image/Falabella/6534920_1?$producto308$;02/07/2018 12:50;Market Place;J16;DECORACION;J1602;MALETERIA;J160201;MALETAS;MK Set Maleta 3 Piezas Rígida Ruedas 360
6534918;MK Radio De Auto Bluetooth Fm Mp3 Usb Aux 68237;Radio De Auto Bluetooth Fm Mp3 Usb Aux 68237;Fernapet;cat3202;Radios de Auto;Despublicado;;; 16990.0;;NORMAL;;http://falabella.scene7.com/is/image/Falabella/6534918_1?$producto308$;28/06/2018 09:02;Market Place;J11;ELECTRO HOGAR;J1102;AUDIO;J110206;CAR AUDIO;MK Radio De Auto Bluetooth Fm Mp3 Usb Aux 68237
6537400;MK Funda Universal Cubre Asientos Auto Momo 57550;Funda Universal Cubre Asientos Auto Momo 57550;Momo;cat3007;Accesorios Auto;Publicado;;     24990.0;;NORMAL;;http://falabella.scene7.com/is/image/Falabella/6537400_1?$producto308$;28/06/2018 10:37;Market Place;J17;REGALOS;J1701;REGALERIA;J170108;ADORNOS;MK Funda Universal Cubre Asientos Auto Momo 57550
6537229;MK Maquina De Ejercicios Infantil Caminadora 34851;Máquina de Ejercicios Infantil Caminadora 34851;Fernapet;cat8990009;Máquinas de Ejercicios;Despublicado;;;171990.0;;NORMAL;;http://falabella.scene7.com/is/image/Falabella/6537229_1?$producto308$;02/07/2018 12:56;Market Place;J09;NIÑOS;J0909;JUGUETERIA;J090906;ELECTRONICOS;MK Maquina De Ejercicios Infantil Caminadora 34851
6537224;MK Maquina De Ejercicios Infantil Escaladora 34860;Máquina de Ejercicios Infantil Escaladora 34860;Fernapet;cat8990009;Máquinas de Ejercicios;Despublicado;;;100990.0;;NORMAL;;http://falabella.scene7.com/is/image/Falabella/6537224_1?$producto308$;02/07/2018 12:56;Market Place;J09;NIÑOS;J0909;JUGUETERIA;J090906;ELECTRONICOS;MK Maquina De Ejercicios Infantil Escaladora 34860
6537207;MK Maquina Ejercicio Bicicleta Estatica Infantil 3;Máquina Ejercicio Bicicleta Estática Infantil 3485;Fernapet;cat12270023;Juegos Deportivos;Despublicado;;;  100990.0;;NORMAL;;http://falabella.scene7.com/is/image/Falabella/6537207_1?$producto308$;02/07/2018 12:53;Market Place;J09;NIÑOS;J0909;JUGUETERIA;J090906;ELECTRONICOS;MK Maquina Ejercicio Bicicleta Estatica Infantil 3
6537220;MK Maquina De Ejercicios Infantil Remo 34853;Máquina de Ejercicios Infantil Remo 34853;Fernapet;cat8990009;Máquinas de Ejercicios;Despublicado;;;114990.0;;NORMAL;;http://falabella.scene7.com/is/image/Falabella/6537220_1?$producto308$;02/07/2018 12:55;Market Place;J09;NIÑOS;J0909;JUGUETERIA;J090906;ELECTRONICOS;MK Maquina De Ejercicios Infantil Remo 34853
6537211;MK Maquina Ejercicio Caminadora Aerea Infantil 348;Máquina Ejercicio Caminadora Aérea Infantil 34857;Fernapet;cat8990009;Máquinas de Ejercicios;Despublicado;;      114990.0;;NORMAL;;http://falabella.scene7.com/is/image/Falabella/6537211_1?$producto308$;02/07/2018 12:53;Market Place;J09;NIÑOS;J0909;JUGUETERIA;J090906;ELECTRONICOS;MK Maquina Ejercicio Caminadora Aerea Infantil 348
6537216;MK Maquina Ejercicio Infantil Caminadora Junior 34;Máquina Ejercicio Infantil Caminadora Junior 34852;Fernapet;cat8990009;Máquinas de Ejercicios;Publicado;;    114990.0;;NORMAL;;http://falabella.scene7.com/is/image/Falabella/6537216_1?$producto308$;02/07/2018 12:54;Market Place;J09;NIÑOS;J0909;JUGUETERIA;J090906;ELECTRONICOS;MK Maquina Ejercicio Infantil Caminadora Junior 34
6537162;MK Comedor Esquinero  2 Sillas Madera Maciza;Comedor Esquinero + 2 Sillas Madera Maciza;Fernapet;cat7190097;Iluminación inteligente;Despublicado;;;  142990.0;;NORMAL;;http://falabella.scene7.com/is/image/Falabella/6537162_1?$producto308$;02/07/2018 12:51;Market Place;J13;MUEBLES;J1302;COMEDOR;J130201;MESA DE COMEDOR;MK Comedor Esquinero  2 Sillas Madera Maciza
6537160;MK Comedor Esquinero  2 Sillas Madera Maciza;Comedor Esquinero + 2 Sillas Madera Maciza;Fernapet;cat7190097;Iluminación inteligente;Despublicado;;;  142990.0;;NORMAL;;http://falabella.scene7.com/is/image/Falabella/6537160_1?$producto308$;02/07/2018 12:51;Market Place;J13;MUEBLES;J1302;COMEDOR;J130201;MESA DE COMEDOR;MK Comedor Esquinero  2 Sillas Madera Maciza
6541405;MK Parlante Barra  Subwoofer Aiwa Mp3 Usb Aux 2129;Parlante Barra + Subwoofer Aiwa Mp3 Usb Aux 21298;AIWA;cat1700004;Soundbar;Publicado;;;  55990.0;;NORMAL;;http://falabella.scene7.com/is/image/Falabella/6541405_1?$producto308$;02/07/2018 12:57;Market Place;J11;ELECTRO HOGAR;J1114;ACCESORIOS;J111401;ACCESORIOS AUDIO;MK Parlante Barra  Subwoofer Aiwa Mp3 Usb Aux 2129
6418703;MK Set Fundas Sparco  Cubre Volante y almohadilla;Set Fundas Sparco  Cubre Volante y Almohadilla;Fernapet;cat3007;Accesorios Auto;Publicado;;; 47990.0;;NORMAL;;http://falabella.scene7.com/is/image/Falabella/6418703_1?$producto308$;28/06/2018 10:24;Market Place;J17;REGALOS;J1701;REGALERIA;J170108;ADORNOS;MK Set Fundas Sparco  Cubre Volante y almohadilla
6394729;MK Jaula De Transporte Perro Canilpet M Alto 32 Cm;MK Jaula De Transporte Perro Canilpet M Alto 32 Cm;B2Q;cat9360001;Mundo Mascotas;Publicado;;    22990.0;;NORMAL;;http://falabella.scene7.com/is/image/Falabella/6394729_1?$producto308$;23/04/2018 22:16;Market Place;J17;REGALOS;J1701;REGALERIA;J170112;REGALOS INFANTILES;MK Jaula De Transporte Perro Canilpet M Alto 32 Cm
6396708;MK Arnes De Perro Gopro Fetch Dog Harness 170315;Arnes de Perro Gopro Fetch Dog Harness 170315;Fernapet;cat9360001;Mundo Mascotas;Publicado;;;  29990.0;;NORMAL;;http://falabella.scene7.com/is/image/Falabella/6396708_1?$producto308$;23/04/2018 22:22;Market Place;J17;REGALOS;J1701;REGALERIA;J170112;REGALOS INFANTILES;MK Arnes De Perro Gopro Fetch Dog Harness 170315
6397000;MK Casa Gatos Y Perros Acolchada Tipo Frutilla;Casa Gatos y Perros Acolchada Tipo Frutilla;Fernapet;cat9360001;Mundo Mascotas;Publicado;;;  12990.0;;NORMAL;;http://falabella.scene7.com/is/image/Falabella/6397000_1?$producto308$;23/04/2018 22:26;Market Place;J17;REGALOS;J1701;REGALERIA;J170112;REGALOS INFANTILES;MK Casa Gatos Y Perros Acolchada Tipo Frutilla
6396719;MK Baño Perros Gatos Ecológico Extra Grande;Baño Perros Gatos Ecológico Extra Grande;Fernapet;cat9360001;Mundo Mascotas;Publicado;;;  20990.0;;NORMAL;;http://falabella.scene7.com/is/image/Falabella/6396719_1?$producto308$;23/04/2018 22:23;Market Place;J17;REGALOS;J1701;REGALERIA;J170112;REGALOS INFANTILES;MK Baño Perros Gatos Ecológico Extra Grande
6396227;MK Cama Mascotas Talla S Perros Ax0002s;Cama Mascotas Talla S Perros Ax0002S;Fernapet;cat9360001;Mundo Mascotas;Publicado;;      13990.0;;NORMAL;;http://falabella.scene7.com/is/image/Falabella/6396227_1?$producto308$;23/04/2018 22:20;Market Place;J17;REGALOS;J1701;REGALERIA;J170112;REGALOS INFANTILES;MK Cama Mascotas Talla S Perros Ax0002s
6394744;MK Baño Perros Puppy Potty Ecologico Grande 60730;Baño Perros Puppy Potty Ecologico Grande 60730;Fernapet;cat9360001;Mundo Mascotas;Publicado;;;19990.0;;NORMAL;;http://falabella.scene7.com/is/image/Falabella/6394744_1?$producto308$;23/04/2018 22:18;Market Place;J17;REGALOS;J1701;REGALERIA;J170112;REGALOS INFANTILES;MK Baño Perros Puppy Potty Ecologico Grande 60730
6397008;MK Casa Cama Perro O Gato Acolchada Nido;Casa Cama Perro o Gato Acolchada Nido;Fernapet;cat9360001;Mundo Mascotas;Publicado;;;  24990.0;;NORMAL;;http://falabella.scene7.com/is/image/Falabella/6397008_1?$producto308$;23/04/2018 22:28;Market Place;J17;REGALOS;J1701;REGALERIA;J170112;REGALOS INFANTILES;MK Casa Cama Perro O Gato Acolchada Nido
6394772;MK Plato Comida Perro Come Lento Slow Bowl  33cm;Plato Comida Perro Come Lento Slow Bowl  33Cm;Fernapet;cat9360001;Mundo Mascotas;Publicado;;;  13990.0;;NORMAL;;http://falabella.scene7.com/is/image/Falabella/6394772_1?$producto308$;23/04/2018 22:18;Market Place;J17;REGALOS;J1701;REGALERIA;J170112;REGALOS INFANTILES;MK Plato Comida Perro Come Lento Slow Bowl  33cm
6395767;MK Botella Agua Portatil Mascota Perros;Botella Agua Portatil Mascota Perros;Fernapet;cat9360001;Mundo Mascotas;Publicado;;;7990.0;;NORMAL;;http://falabella.scene7.com/is/image/Falabella/6395767_1?$producto308$;23/04/2018 22:19;Market Place;J17;REGALOS;J1701;REGALERIA;J170112;REGALOS INFANTILES;MK Botella Agua Portatil Mascota Perros
6395774;MK Cama Perro Gato Redonda Base Impermeable;Cama Perro Gato Redonda Base Impermeable;Fernapet;cat9360001;Mundo Mascotas;Publicado;;      15990.0;;NORMAL;;http://falabella.scene7.com/is/image/Falabella/6395774_1?$producto308$;23/04/2018 22:19;Market Place;J17;REGALOS;J1701;REGALERIA;J170112;REGALOS INFANTILES;MK Cama Perro Gato Redonda Base Impermeable
6396713;MK Baño Perros Puppy Potty Ecologico Gatos;Baño Perros Puppy Potty Ecologico Gatos;Fernapet;cat9360001;Mundo Mascotas;Publicado;;     9990.0;;NORMAL;;http://falabella.scene7.com/is/image/Falabella/6396713_1?$producto308$;23/04/2018 22:23;Market Place;J17;REGALOS;J1701;REGALERIA;J170112;REGALOS INFANTILES;MK Baño Perros Puppy Potty Ecologico Gatos
6394720;MK Perfume Perro Sir Dog Lady Mascota;MK Perfume Perro Sir Dog Lady Mascota;B2Q;cat9360001;Mundo Mascotas;Publicado;;;9990.0;;NORMAL;;http://falabella.scene7.com/is/image/Falabella/6394720_1?$producto308$;23/04/2018 22:14;Market Place;J17;REGALOS;J1701;REGALERIA;J170112;REGALOS INFANTILES;MK Perfume Perro Sir Dog Lady Mascota
6394726;MK Hebilla Adaptador Perro Cinturón Seguridad;MK Hebilla Adaptador Perro Cinturón Seguridad;B2Q;cat9360001;Mundo Mascotas;Publicado;;;   5990.0;;NORMAL;;http://falabella.scene7.com/is/image/Falabella/6394726_1?$producto308$;23/04/2018 22:16;Market Place;J17;REGALOS;J1701;REGALERIA;J170112;REGALOS INFANTILES;MK Hebilla Adaptador Perro Cinturón Seguridad
6395824;MK Cama Mascota Manilla Raza Pequeña Perro Gato;Cama Mascota Manilla Raza Pequeña Perro Gato;Fernapet;cat9360001;Mundo Mascotas;Publicado;;;19990.0;;NORMAL;;http://falabella.scene7.com/is/image/Falabella/6395824_1?$producto308$;23/04/2018 22:20;Market Place;J17;REGALOS;J1701;REGALERIA;J170112;REGALOS INFANTILES;MK Cama Mascota Manilla Raza Pequeña Perro Gato
6396999;MK Jaula de transporte Canil Pet XL;Jaula de Transporte Canil Pet Xl;Genérica;cat9360001;Mundo Mascotas;Publicado;;       47990.0;;NORMAL;;http://falabella.scene7.com/is/image/Falabella/6396999_1?$producto308$;23/04/2018 22:26;Market Place;J17;REGALOS;J1701;REGALERIA;J170112;REGALOS INFANTILES;MK Jaula de transporte Canil Pet XL
6394722;MK Cama Perro Gato Redonda Base Impermeable;Cama Perro Gato Redonda Base Impermeable;Fernapet;cat9360001;Mundo Mascotas;Publicado;;      29990.0;;NORMAL;;http://falabella.scene7.com/is/image/Falabella/6394722_1?$producto308$;23/04/2018 22:15;Market Place;J17;REGALOS;J1701;REGALERIA;J170112;REGALOS INFANTILES;MK Cama Perro Gato Redonda Base Impermeable
6394718;MK Cama  Mascotas Chiporro Talla S;MK Cama  Mascotas Chiporro Talla S;Fernapet;cat9360001;Mundo Mascotas;Publicado;;;18990.0;;NORMAL;;http://falabella.scene7.com/is/image/Falabella/6394718_1?$producto308$;23/04/2018 22:14;Market Place;J17;REGALOS;J1701;REGALERIA;J170112;REGALOS INFANTILES;MK Cama  Mascotas Chiporro Talla S
6418687;MK Lanyard Sparco Porta Credenciales Llavero 59320;Lanyard Sparco Porta Credenciales Llavero 59320;Fernapet;cat3007;Accesorios Auto;Publicado;;      3990.0;;NORMAL;;http://falabella.scene7.com/is/image/Falabella/6418687_1?$producto308$;23/05/2018 07:20;Market Place;J17;REGALOS;J1701;REGALERIA;J170108;ADORNOS;MK Lanyard Sparco Porta Credenciales Llavero 59320
6421993;MK Audífono Bluetooth V4.1 Aiwa Aw-880bt Gris;Audífono Bluetooth V4.1 Aiwa Aw-880bt Gris;AIWA;cat7690003;Audifonos Bluetooth;Publicado;;      15990.0;;NORMAL;;http://falabella.scene7.com/is/image/Falabella/6421993_1?$producto308$;23/05/2018 08:08;Market Place;J11;ELECTRO HOGAR;J1114;ACCESORIOS;J111401;ACCESORIOS AUDIO;MK Audífono Bluetooth V4 1 Aiwa Aw-880bt Gris
6422303;MK Audífono Bluetooth Manos Libre Aiwa Aw2 Pro Bla;Audífono Bluetooth Manos Libre Aiwa Aw2 Pro Blanco;AIWA;cat7690003;Audifonos Bluetooth;Publicado;;;21990.0;;NORMAL;;http://falabella.scene7.com/is/image/Falabella/6422303_1?$producto308$;23/05/2018 07:19;Market Place;J11;ELECTRO HOGAR;J1114;ACCESORIOS;J111401;ACCESORIOS AUDIO;MK Audífono Bluetooth Manos Libre Aiwa Aw2 Pro Bla
6418675;MK Set Fundas Sparco Cubre Asiento Italia 313754;Set Fundas Sparco Cubre Asiento Italia 313754;Fernapet;cat3007;Accesorios Auto;Publicado;;     29990.0;;NORMAL;;http://falabella.scene7.com/is/image/Falabella/6418675_1?$producto308$;23/05/2018 07:17;Market Place;J17;REGALOS;J1701;REGALERIA;J170108;ADORNOS;MK Set Fundas Sparco Cubre Asiento Italia 313754
6418641;MK Kit De Cable Amplificador Bowmann;Kit De Cable Amplificador Bowmann;Bowmann;cat3007;Accesorios Auto;Publicado;;;   16990.0;;NORMAL;;http://falabella.scene7.com/is/image/Falabella/6418641_1?$producto308$;23/05/2018 07:15;Market Place;J11;ELECTRO HOGAR;J1102;AUDIO;J110206;CAR AUDIO;MK Kit De Cable Amplificador Bowmann
6418693;MK Almohada Cervical Sparco Negro;Almohada Cervical Sparco Negro Auto Butaca 06578;Fernapet;cat3007;Accesorios Auto;Publicado;;      7990.0;;NORMAL;;http://falabella.scene7.com/is/image/Falabella/6418693_1?$producto308$;23/05/2018 08:07;Market Place;J17;REGALOS;J1701;REGALERIA;J170108;ADORNOS;MK Almohada Cervical Sparco Negro
6418699;MK Cubre Asiento 3d Gris Sparco;Cubre Asiento 3d Gris Sparco Funda 30162;Fernapet;cat3007;Accesorios Auto;Publicado;;; 25990.0;;NORMAL;;http://falabella.scene7.com/is/image/Falabella/6418699_1?$producto308$;23/05/2018 08:07;Market Place;J17;REGALOS;J1701;REGALERIA;J170108;ADORNOS;MK Cubre Asiento 3d Gris Sparco
6418683;MK Set 4 Tapa Rueda 13 Pulgada Sparco Leggera;Set 4 Tapa Rueda 13 Pulgada Sparco Leggera;Fernapet;cat3007;Accesorios Auto;Publicado;;; 25990.0;;NORMAL;;http://falabella.scene7.com/is/image/Falabella/6418683_1?$producto308$;23/05/2018 07:19;Market Place;J17;REGALOS;J1701;REGALERIA;J170108;ADORNOS;MK Set 4 Tapa Rueda 13 Pulgada Sparco Leggera
6418685;MK Cubre Asiento New Backrest Sparco Funda 08132;Cubre Asiento New Backrest Sparco Funda 08132;Fernapet;cat3007;Accesorios Auto;Publicado;;     20990.0;;NORMAL;;http://falabella.scene7.com/is/image/Falabella/6418685_1?$producto308$;23/05/2018 07:20;Market Place;J17;REGALOS;J1701;REGALERIA;J170108;ADORNOS;MK Cubre Asiento New Backrest Sparco Funda 08132
6418681;MK Cubre Volante Sparco y Cubre Cinturon Sparco;Cubre Volante Sparco y Cubre Cinturón Sparco 31517;Fernapet;cat3007;Accesorios Auto;Despublicado;;;  15990.0;;NORMAL;;http://falabella.scene7.com/is/image/Falabella/6418681_1?$producto308$;23/05/2018 07:19;Market Place;J17;REGALOS;J1701;REGALERIA;J170108;ADORNOS;MK Cubre Volante Sparco y Cubre Cinturon Sparco
6418689;MK Cubre Asiento 3d Azul Sparco Funda 30161;Cubre Asiento 3d Azul Sparco Funda 30161;Fernapet;cat3007;Accesorios Auto;Publicado;;; 24990.0;;NORMAL;;http://falabella.scene7.com/is/image/Falabella/6418689_1?$producto308$;23/05/2018 07:21;Market Place;J17;REGALOS;J1701;REGALERIA;J170108;ADORNOS;MK Cubre Asiento 3d Azul Sparco Funda 30161
6421995;MK Audífono Bluetooth V4.1 Aiwa Aw-880bt negro;Audífono Bluetooth V4.1 Aiwa Aw-880bt negro;AIWA;cat7690003;Audifonos Bluetooth;Publicado;;;  15990.0;;NORMAL;;http://falabella.scene7.com/is/image/Falabella/6421995_1?$producto308$;23/05/2018 07:19;Market Place;J11;ELECTRO HOGAR;J1114;ACCESORIOS;J111401;ACCESORIOS AUDIO;MK Audífono Bluetooth V4 1 Aiwa Aw-880bt negro
6421994;MK Audífono Bluetooth V4.1 Aiwa Aw-880bt Rojo/Negr;Audífono Bluetooth V4.1 Aiwa Aw-880bt Rojo/Negro;AIWA;cat7690003;Audifonos Bluetooth;Publicado;;    15990.0;;NORMAL;;http://falabella.scene7.com/is/image/Falabella/6421994_1?$producto308$;23/05/2018 08:08;Market Place;J11;ELECTRO HOGAR;J1114;ACCESORIOS;J111401;ACCESORIOS AUDIO;MK Audífono Bluetooth V4 1 Aiwa Aw-880bt Rojo/Negr
6421992;MK Radio Auto Aiwa Bt Mp3 Usb Sd Dvd Aux 200w 2125;Radio Auto Aiwa Bt Mp3 Usb Sd Dvd Aux 200w 21259;AIWA;cat3202;Radios de Auto;Despublicado;;;  157990.0;;NORMAL;;http://falabella.scene7.com/is/image/Falabella/6421992_1?$producto308$;23/05/2018 08:08;Market Place;J11;ELECTRO HOGAR;J1102;AUDIO;J110206;CAR AUDIO;MK Radio Auto Aiwa Bt Mp3 Usb Sd Dvd Aux 200w 2125
6418614;MK Pack Radio Bt 21073 y Camara Regalo 21139;Pack Radio Bt 21073 y Cámara Regalo 21139;Bowmann;cat3202;Radios de Auto;Despublicado;;     106990.0;;NORMAL;;http://falabella.scene7.com/is/image/Falabella/6418614_1?$producto308$;23/05/2018 07:15;Market Place;J11;ELECTRO HOGAR;J1102;AUDIO;J110206;CAR AUDIO;MK Pack Radio Bt 21073 y Camara Regalo 21139
6418543;MK Kit Cierre Centralizado Auto Bowmann 31854;Kit Cierre Centralizado Auto Bowmann 31854;Bowmann;cat3007;Accesorios Auto;Despublicado;;       14990.0;;NORMAL;;http://falabella.scene7.com/is/image/Falabella/6418543_1?$producto308$;23/05/2018 07:14;Market Place;J11;ELECTRO HOGAR;J1102;AUDIO;J110206;CAR AUDIO;MK Kit Cierre Centralizado Auto Bowmann 31854
6437323;MK Parlante Aiwa Top Hifi Inalambrico Blanco 21263;Parlante Aiwa Top Hifi Inalámbrico Blanco 21263;AIWA;cat3007;Accesorios Auto;Publicado;;;  20990.0;;NORMAL;;http://falabella.scene7.com/is/image/Falabella/6437323_1?$producto308$;23/05/2018 07:20;Market Place;J11;ELECTRO HOGAR;J1114;ACCESORIOS;J111401;ACCESORIOS AUDIO;MK Parlante Aiwa Top Hifi Inalambrico Blanco 21263
6418548;MK Parlante Bluetooth Bowmann;Parlante Bluetooth Bowmann;Bowmann;cat3007;Accesorios Auto;Publicado;;;  59990.0;;NORMAL;;http://falabella.scene7.com/is/image/Falabella/6418548_1?$producto308$;23/05/2018 07:14;Market Place;J11;ELECTRO HOGAR;J1102;AUDIO;J110206;CAR AUDIO;MK Parlante Bluetooth Bowmann 21243
6418677;MK Aspiradora Para Auto Sparco Portatil 12v 31209;Aspiradora Para Auto Sparco Portátil 12v 31209;Fernapet;cat3007;Accesorios Auto;Publicado;;;   23990.0;;NORMAL;;http://falabella.scene7.com/is/image/Falabella/6418677_1?$producto308$;23/05/2018 07:18;Market Place;J17;REGALOS;J1701;REGALERIA;J170108;ADORNOS;MK Aspiradora Para Auto Sparco Portatil 12v 31209
6418645;MK Aspiradora Sparco 12v 400ml Alambrica 31545;Aspiradora Sparco 12v 400ml Alámbrica 31545;Fernapet;cat3007;Accesorios Auto;Publicado;;       28990.0;;NORMAL;;http://falabella.scene7.com/is/image/Falabella/6418645_1?$producto308$;23/05/2018 07:16;Market Place;J17;REGALOS;J1701;REGALERIA;J170108;ADORNOS;MK Aspiradora Sparco 12v 400ml Alambrica 31545
6418642;MK Radio Auto Multimedia  2 Din 4plg  038885;Radio Auto Multimedia  2 Din 4plg;038885;Bowmann;cat3007;Accesorios Auto;Despublicado;;     49990.0;;       55990.0;INTERNET;NORMAL;http://falabella.scene7.com/is/image/Falabella/6418642_1?$producto308$;23/05/2018 07:15;Market Place;J11;ELECTRO HOGAR;J1102;AUDIO;J110206;CAR AUDIO;MK Radio Auto Multimedia  2 Din 4plg  038885
6418610;MK Radio Auto Bowmann Desmontable;Radio Auto Bowmann Desmontable;Bowmann;cat3202;Radios de Auto;Publicado;;      37990.0;;NORMAL;;http://falabella.scene7.com/is/image/Falabella/6418610_1?$producto308$;23/05/2018 07:15;Market Place;J11;ELECTRO HOGAR;J1102;AUDIO;J110206;CAR AUDIO;MK Radio Auto Bowmann Desmontable
6437322;MK Parlante Bluetooth Aiwa Pop Agua 21245;Parlante Bluetooth Aiwa Pop Agua 21245;AIWA;cat3007;Accesorios Auto;Publicado;;    14990.0;;NORMAL;;http://falabella.scene7.com/is/image/Falabella/6437322_1?$producto308$;23/05/2018 07:19;Market Place;J11;ELECTRO HOGAR;J1114;ACCESORIOS;J111401;ACCESORIOS AUDIO;MK Parlante Bluetooth Aiwa Pop Agua 21245
6437348;MK Parlante Bluetooth Aiwa Radio  Aux Sd 100w 2126;Parlante Bluetooth Aiwa Radio  Aux Sd 100w 21265;AIWA;cat3202;Radios de Auto;Publicado;;;   69990.0;;NORMAL;;http://falabella.scene7.com/is/image/Falabella/6437348_1?$producto308$;23/05/2018 07:20;Market Place;J11;ELECTRO HOGAR;J1102;AUDIO;J110202;EQUIPOS DE SONIDO;MK Parlante Bluetooth Aiwa Radio  Aux Sd 100w 2126
6422301;MK Audífono Bluetooth Manos Libre Aiwa Aw2 Pro Azu;Audífono Bluetooth Manos Libre Aiwa Aw2 Pro Azul;AIWA;cat7690003;Audifonos Bluetooth;Publicado;;    20990.0;;NORMAL;;http://falabella.scene7.com/is/image/Falabella/6422301_1?$producto308$;23/05/2018 07:19;Market Place;J11;ELECTRO HOGAR;J1114;ACCESORIOS;J111401;ACCESORIOS AUDIO;MK Audífono Bluetooth Manos Libre Aiwa Aw2 Pro Azu
6422304;MK Audífono Bluetooth Manos Libre Aiwa Aw2 Pro neg;Audífono Bluetooth Manos Libre Aiwa Aw2 Pro negro;AIWA;cat7690003;Audifonos Bluetooth;Despublicado;;;21990.0;;NORMAL;;http://falabella.scene7.com/is/image/Falabella/6422304_1?$producto308$;23/05/2018 07:19;Market Place;J11;ELECTRO HOGAR;J1114;ACCESORIOS;J111401;ACCESORIOS AUDIO;MK Audífono Bluetooth Manos Libre Aiwa Aw2 Pro neg
6418701;MK Cubre Volante  y Cubre Cinturon Sparco;Cubre Volante  y Cubre Cinturón Sparco;Fernapet;cat3007;Accesorios Auto;Despublicado;;     15990.0;;NORMAL;;http://falabella.scene7.com/is/image/Falabella/6418701_1?$producto308$;23/05/2018 08:08;Market Place;J17;REGALOS;J1701;REGALERIA;J170108;ADORNOS;MK Cubre Volante  y Cubre Cinturon Sparco
6418671;MK Set Fundas Sparco Asiento Ecocuero Negro 31096;Set Fundas Sparco Asiento Ecocuero Negro 31096;Fernapet;cat3007;Accesorios Auto;Despublicado;;;   57990.0;;NORMAL;;http://falabella.scene7.com/is/image/Falabella/6418671_1?$producto308$;23/05/2018 07:16;Market Place;J17;REGALOS;J1701;REGALERIA;J170108;ADORNOS;MK Set Fundas Sparco Asiento Ecocuero Negro 31096
6418633;MK Radio Multimedia 2 Din 4plg y Camara 38885;Radio Multimedia 2 Din 4plg y Cámara 38885;Bowmann;cat3202;Radios de Auto;Despublicado;;;  55990.0;;    66990.0;INTERNET;NORMAL;http://falabella.scene7.com/is/image/Falabella/6418633_1?$producto308$;23/05/2018 07:15;Market Place;J11;ELECTRO HOGAR;J1102;AUDIO;J110206;CAR AUDIO;MK Radio Multimedia 2 Din 4plg y Camara 38885
6418600;MK Amplificador Auto 4 Canales Bowmann;Amplificador Auto 4 Canales Bowmann;Bowmann;cat3007;Accesorios Auto;Publicado;;;   75990.0;;NORMAL;;http://falabella.scene7.com/is/image/Falabella/6418600_1?$producto308$;23/05/2018 07:15;Market Place;J11;ELECTRO HOGAR;J1102;AUDIO;J110206;CAR AUDIO;MK Amplificador Auto 4 Canales Bowmann
6418611;MK Radio Bowmann  038885 y Espejo Retrovisor 6034;Radio Bowmann  038885 y Espejo Retrovisor 6034;Bowmann;cat3202;Radios de Auto;Despublicado;;;59990.0;;;  69990.0;INTERNET;NORMAL;http://falabella.scene7.com/is/image/Falabella/6418611_1?$producto308$;23/05/2018 07:15;Market Place;J11;ELECTRO HOGAR;J1102;AUDIO;J110206;CAR AUDIO;MK Radio Bowmann  038885 y Espejo Retrovisor 6034
6418581;MK Set 4 Parlantes Auto Bowmann;Set 4 Parlantes Auto Bowmann;Bowmann;cat3007;Accesorios Auto;Publicado;;;  23990.0;;NORMAL;;http://falabella.scene7.com/is/image/Falabella/6418581_1?$producto308$;23/05/2018 07:15;Market Place;J11;ELECTRO HOGAR;J1102;AUDIO;J110206;CAR AUDIO;MK Set 4 Parlantes Auto Bowmann
6422300;MK Radio Auto Aiwa Mp3 Sd Bluetooth 91171;Radio Auto Aiwa Mp3 Sd Bluetooth 91171;AIWA;cat3202;Radios de Auto;Despublicado;;     44990.0;;NORMAL;;http://falabella.scene7.com/is/image/Falabella/6422300_1?$producto308$;23/05/2018 07:19;Market Place;J11;ELECTRO HOGAR;J1102;AUDIO;J110206;CAR AUDIO;MK Radio Auto Aiwa Mp3 Sd Bluetooth 91171
6418679;MK Set Fundas Sparco Asiento Mesh Negra 07528;Set Fundas Sparco Asiento Mesh Negra 07528;Fernapet;cat3007;Accesorios Auto;Despublicado;;;   29990.0;;NORMAL;;http://falabella.scene7.com/is/image/Falabella/6418679_1?$producto308$;23/05/2018 07:18;Market Place;J17;REGALOS;J1701;REGALERIA;J170108;ADORNOS;MK Set Fundas Sparco Asiento Mesh Negra 07528
6418673;MK Set Fundas Sparco Asiento Mesh Gris 29111;Set Fundas Sparco Asiento Mesh Gris 29111;Fernapet;cat3007;Accesorios Auto;Despublicado;;       29990.0;;NORMAL;;http://falabella.scene7.com/is/image/Falabella/6418673_1?$producto308$;23/05/2018 07:17;Market Place;J17;REGALOS;J1701;REGALERIA;J170108;ADORNOS;MK Set Fundas Sparco Asiento Mesh Gris 29111
6418639;MK Amplificador 2 Canales Auto 240w 60067;Amplificador 2 Canales Auto 240w 60067;Bowmann;cat3007;Accesorios Auto;Publicado;;       48990.0;;NORMAL;;http://falabella.scene7.com/is/image/Falabella/6418639_1?$producto308$;23/05/2018 07:15;Market Place;J11;ELECTRO HOGAR;J1102;AUDIO;J110206;CAR AUDIO;MK Amplificador 2 Canales Auto 240w 60067
6422061;MK Radio Auto Aiwa Cd Fm Bluetooth 91175;Radio Auto Aiwa Cd Fm Bluetooth 91175;AIWA;cat3202;Radios de Auto;Publicado;;       45990.0;;; 55990.0;INTERNET;NORMAL;http://falabella.scene7.com/is/image/Falabella/6422061_1?$producto308$;23/05/2018 07:19;Market Place;J11;ELECTRO HOGAR;J1102;AUDIO;J110206;CAR AUDIO;MK Radio Auto Aiwa Cd Fm Bluetooth 91175
6422044;MK Audifono Aiwa Bluetooth Wireless Aw- Sports 212;Audífono Aiwa Bluetooth Wireless Aw- Sports 21254;AIWA;cat7690003;Audifonos Bluetooth;Publicado;;      21990.0;;NORMAL;;http://falabella.scene7.com/is/image/Falabella/6422044_1?$producto308$;23/05/2018 07:19;Market Place;J11;ELECTRO HOGAR;J1114;ACCESORIOS;J111401;ACCESORIOS AUDIO;MK Audifono Aiwa Bluetooth Wireless Aw- Sports 212
6437350;MK Audifono Buetooth 4.1 Aiwa  21253;Audífono Buetooth 4.1 Aiwa  21253;AIWA;cat7690003;Audifonos Bluetooth;Despublicado;;    15990.0;;NORMAL;;http://falabella.scene7.com/is/image/Falabella/6437350_1?$producto308$;23/05/2018 07:20;Market Place;J11;ELECTRO HOGAR;J1114;ACCESORIOS;J111401;ACCESORIOS AUDIO;MK Audifono Buetooth 4 1 Aiwa  21253
6437341;MK Parlante Aiwa Top Hifi Inalambrico negro 21263;Parlante Aiwa Top Hifi Inalámbrico negro 21263;AIWA;cat3007;Accesorios Auto;Despublicado;;;20990.0;;NORMAL;;http://falabella.scene7.com/is/image/Falabella/6437341_1?$producto308$;23/05/2018 07:20;Market Place;J11;ELECTRO HOGAR;J1114;ACCESORIOS;J111401;ACCESORIOS AUDIO;MK Parlante Aiwa Top Hifi Inalambrico negro 21263
6437342;MK Radio Parlante Aiwa Usb Mp3 Amc- 282bt 21251;Radio Parlante Aiwa Usb Mp3 Amc- 282bt 21251;AIWA;cat3202;Radios de Auto;Publicado;;     32990.0;;NORMAL;;http://falabella.scene7.com/is/image/Falabella/6437342_1?$producto308$;23/05/2018 07:20;Market Place;J11;ELECTRO HOGAR;J1102;AUDIO;J110202;EQUIPOS DE SONIDO;MK Radio Parlante Aiwa Usb Mp3 Amc- 282bt 21251
6418572;MK Pack Radio Bt 21231  y Camara Regalo 21139;Pack Radio Bt 21231  y Cámara Regalo 21139;Bowmann;cat3007;Accesorios Auto;Publicado;;; 78990.0;;NORMAL;;http://falabella.scene7.com/is/image/Falabella/6418572_1?$producto308$;23/05/2018 07:14;Market Place;J11;ELECTRO HOGAR;J1102;AUDIO;J110206;CAR AUDIO;MK Pack Radio Bt 21231  y Camara Regalo 21139
6418570;MK Parlante Bowmann;Parlante Bowmann;Bowmann;cat3007;Accesorios Auto;Publicado;;;  84990.0;;NORMAL;;http://falabella.scene7.com/is/image/Falabella/6418570_1?$producto308$;23/05/2018 07:14;Market Place;J11;ELECTRO HOGAR;J1102;AUDIO;J110206;CAR AUDIO;MK Parlante Bowmann 12676
6437352;MK Audifono Buetooth 4.1 Aiwa  Bt 21253;Audífono Buetooth 4.1 Aiwa  Bt 21253;AIWA;cat7690003;Audifonos Bluetooth;Despublicado;;;15990.0;;NORMAL;;http://falabella.scene7.com/is/image/Falabella/6437352_1?$producto308$;23/05/2018 07:20;Market Place;J11;ELECTRO HOGAR;J1114;ACCESORIOS;J111401;ACCESORIOS AUDIO;MK Audifono Buetooth 4 1 Aiwa  Bt 21253
6437351;MK udifono Manos Libres Aiwa I-90 21257;Audífono Manos Libres Aiwa I-90 21257;AIWA;cat7690003;Audifonos Bluetooth;Despublicado;;;   7990.0;;NORMAL;;http://falabella.scene7.com/is/image/Falabella/6437351_1?$producto308$;23/05/2018 07:20;Market Place;J11;ELECTRO HOGAR;J1114;ACCESORIOS;J111401;ACCESORIOS AUDIO;MK Audifono Manos Libres Aiwa I-90 21257
6418691;MK Cubre Volante Sparco Negro;Cubre Volante Sparco Negro Funda 30276;Fernapet;cat3007;Accesorios Auto;Despublicado;;;    7990.0;;NORMAL;;http://falabella.scene7.com/is/image/Falabella/6418691_1?$producto308$;23/05/2018 07:21;Market Place;J17;REGALOS;J1701;REGALERIA;J170108;ADORNOS;MK Cubre Volante Sparco Negro
6437340;MK Parlante Aiwa Top Hifi Inalambrico rojo 21263;Parlante Aiwa Top Hifi Inalámbrico rojo 21263;AIWA;cat3007;Accesorios Auto;Despublicado;;    20990.0;;NORMAL;;http://falabella.scene7.com/is/image/Falabella/6437340_1?$producto308$;23/05/2018 07:20;Market Place;J11;ELECTRO HOGAR;J1114;ACCESORIOS;J111401;ACCESORIOS AUDIO;MK Parlante Aiwa Top Hifi Inalambrico rojo 21263
6437349;MK Radio Parlante Aiwa Usb Mp3 21250;Radio Parlante Aiwa Usb Mp3 21250;AIWA;cat3007;Accesorios Auto;Publicado;;;  42990.0;;NORMAL;;http://falabella.scene7.com/is/image/Falabella/6437349_1?$producto308$;23/05/2018 07:20;Market Place;J11;ELECTRO HOGAR;J1102;AUDIO;J110202;EQUIPOS DE SONIDO;MK Radio Parlante Aiwa Usb Mp3 21250
6674626;MK Auricular Inalambrico Manos Libres Awei A850 94;Auricular Inalambrico Manos Libres Awei A850 94210;Fernapet;;;Despublicado;;;  14990.0;;NORMAL;;http://falabella.scene7.com/is/image/Falabella/6674626_1?$producto308$;24/08/2018 03:36;Market Place;J17;REGALOS;J1701;REGALERIA;J170108;ADORNOS;MK Auricular Inalambrico Manos Libres Awei A850 94
6674625;MK Auricular Inalambrico Manos Libres Awei A850 94;Auricular Inalambrico Manos Libres Awei A850 94210;Fernapet;;;Despublicado;;;  14990.0;;NORMAL;;http://falabella.scene7.com/is/image/Falabella/6674625_1?$producto308$;24/08/2018 03:36;Market Place;J17;REGALOS;J1701;REGALERIA;J170108;ADORNOS;MK Auricular Inalambrico Manos Libres Awei A850 94
6674618;MK Auricular Inalambrico Manos Libres Awei T2 9420;Auricular Inalambrico Manos Libres Awei T2 94209;Fernapet;;;Despublicado;;      36990.0;;NORMAL;;http://falabella.scene7.com/is/image/Falabella/6674618_1?$producto308$;24/08/2018 03:35;Market Place;J17;REGALOS;J1701;REGALERIA;J170108;ADORNOS;MK Auricular Inalambrico Manos Libres Awei T2 9420
6674617;MK Auricular Inalambrico Manos Libres Awei T2 9420;Auricular Inalambrico Manos Libres Awei T2 94209;Fernapet;;;Despublicado;;      36990.0;;NORMAL;;http://falabella.scene7.com/is/image/Falabella/6674617_1?$producto308$;24/08/2018 03:35;Market Place;J17;REGALOS;J1701;REGALERIA;J170108;ADORNOS;MK Auricular Inalambrico Manos Libres Awei T2 9420
6674616;MK Auricular Inalambrico Manos Libres Awei T2 9420;Auricular Inalambrico Manos Libres Awei T2 94209;Fernapet;;;Despublicado;;      36990.0;;NORMAL;;http://falabella.scene7.com/is/image/Falabella/6674616_1?$producto308$;24/08/2018 03:35;Market Place;J17;REGALOS;J1701;REGALERIA;J170108;ADORNOS;MK Auricular Inalambrico Manos Libres Awei T2 9420
6674615;MK Auricular Inalambrico Manos Libres Awei T2 9420;Auricular Inalambrico Manos Libres Awei T2 94209;Fernapet;;;Despublicado;;      36990.0;;NORMAL;;http://falabella.scene7.com/is/image/Falabella/6674615_1?$producto308$;24/08/2018 03:35;Market Place;J17;REGALOS;J1701;REGALERIA;J170108;ADORNOS;MK Auricular Inalambrico Manos Libres Awei T2 9420
6674623;MK Audífono Inalambrico Awei A880 Bl Bluetooth 942;Audífono Inalambrico Awei A880 Bl Bluetooth 94207;Fernapet;;;Despublicado;;;  21990.0;;NORMAL;;http://falabella.scene7.com/is/image/Falabella/6674623_1?$producto308$;24/08/2018 03:35;Market Place;J17;REGALOS;J1701;REGALERIA;J170108;ADORNOS;MK Audífono Inalambrico Awei A880 Bl Bluetooth 942
6674622;MK Audífono Inalambrico Awei A880 Bl Bluetooth 942;Audífono Inalambrico Awei A880 Bl Bluetooth 94207;Fernapet;;;Despublicado;;;  21990.0;;NORMAL;;http://falabella.scene7.com/is/image/Falabella/6674622_1?$producto308$;24/08/2018 03:35;Market Place;J17;REGALOS;J1701;REGALERIA;J170108;ADORNOS;MK Audífono Inalambrico Awei A880 Bl Bluetooth 942
6674621;MK Audífono Inalambrico Awei A880 Bl Bluetooth 942;Audífono Inalambrico Awei A880 Bl Bluetooth 94207;Fernapet;;;Despublicado;;;  21990.0;;NORMAL;;http://falabella.scene7.com/is/image/Falabella/6674621_1?$producto308$;24/08/2018 03:35;Market Place;J17;REGALOS;J1701;REGALERIA;J170108;ADORNOS;MK Audífono Inalambrico Awei A880 Bl Bluetooth 942
6674620;MK Audífono Inalambrico Awei A880 Bl Bluetooth 942;Audífono Inalambrico Awei A880 Bl Bluetooth 94207;Fernapet;;;Despublicado;;;  21990.0;;NORMAL;;http://falabella.scene7.com/is/image/Falabella/6674620_1?$producto308$;24/08/2018 03:35;Market Place;J17;REGALOS;J1701;REGALERIA;J170108;ADORNOS;MK Audífono Inalambrico Awei A880 Bl Bluetooth 942
6418547;MK Amplificador Bazuca Slim Bowmann;Amplificador Bazuca Slim Bowmann;Bowmann;cat3007;Accesorios Auto;Publicado;;;  97990.0;;NORMAL;;http://falabella.scene7.com/is/image/Falabella/6418547_1?$producto308$;23/05/2018 07:14;Market Place;J11;ELECTRO HOGAR;J1102;AUDIO;J110206;CAR AUDIO;MK Amplificador Bazuca Slim Bowmann
6418545;MK Radio Auto Bowmann Dx-1600bt;Radio Auto Bowmann Dx-1600bt;Bowmann;cat3202;Radios de Auto;Despublicado;;;25990.0;;NORMAL;;http://falabella.scene7.com/is/image/Falabella/6418545_1?$producto308$;23/05/2018 07:14;Market Place;J11;ELECTRO HOGAR;J1102;AUDIO;J110206;CAR AUDIO;MK Radio Auto Bowmann Dx-1600bt
6496009;MK Cubre Volante 008, Negro-gris Momo Masw8g;Cubre Volante 008, Negro-gris Momo Masw8g;Momo;cat3007;Accesorios Auto;Despublicado;;     9990.0;;NORMAL;;http://falabella.scene7.com/is/image/Falabella/6496009_1?$producto308$;15/06/2018 22:53;Market Place;J17;REGALOS;J1701;REGALERIA;J170108;ADORNOS;MK Cubre Volante 008  Negro-gris Momo Masw8g
6496004;MK Cubre Auto Momo 3 Capas Respirable Talla L 7721;Cubre Auto Momo 3 Capas Respirable Talla L 77213;Momo;cat3007;Accesorios Auto;Publicado;;     31990.0;;NORMAL;;http://falabella.scene7.com/is/image/Falabella/6496004_1?$producto308$;15/06/2018 22:52;Market Place;J17;REGALOS;J1701;REGALERIA;J170108;ADORNOS;MK Cubre Auto Momo 3 Capas Respirable Talla L 7721
6496025;MK Pack 4 Sillas Eames Clasica Negro Replica 83181;MK Pack 4 Sillas Eames Clasica Negro Replica 83181;Fernapet;cat670008;Car Audio;Despublicado;;;   59990.0;;NORMAL;;http://falabella.scene7.com/is/image/Falabella/6496025_1?$producto308$;15/06/2018 22:54;Market Place;J13;MUEBLES;J1304;COMPLEMENTOS;J130405;SILLAS DISEÑO;MK Pack 4 Sillas Eames Clasica Negro Replica 83181
6496007;MK Cubre Volante 004, Negro-rojo Momo Masw4r;Cubre Volante 004, Negro-rojo Momo Masw4r;Momo;cat3007;Accesorios Auto;Despublicado;;     9990.0;;NORMAL;;http://falabella.scene7.com/is/image/Falabella/6496007_1?$producto308$;15/06/2018 22:53;Market Place;J17;REGALOS;J1701;REGALERIA;J170108;ADORNOS;MK Cubre Volante 004  Negro-rojo Momo Masw4r
6496001;MK Jaula De Transporte Canilpet L Alto 41 Cm 84584;Jaula De Transporte Canilpet L Alto 41 Cm 84584;Fernapet;cat9360001;Mundo Mascotas;Despublicado;;;   41990.0;;NORMAL;;http://falabella.scene7.com/is/image/Falabella/6496001_1?$producto308$;15/06/2018 22:51;Market Place;J17;REGALOS;J1701;REGALERIA;J170108;ADORNOS;MK Jaula De Transporte Canilpet L Alto 41 Cm 84584
6534911;MK Termolaminadora Anilladora Espiral Micas Carnet;Termolaminadora Anilladora Espiral Micas Carnet;Fernapet;cat2001;Accesorios Computación;Publicado;;    50990.0;;NORMAL;;http://falabella.scene7.com/is/image/Falabella/6534911_1?$producto308$;28/06/2018 09:02;Market Place;J17;REGALOS;J1701;REGALERIA;J170108;ADORNOS;MK Termolaminadora Anilladora Espiral Micas Carnet
6534914;MK Radio Auto Fm Mp3 Usb Aux Sd Card Audio 13103;Radio Auto Fm Mp3 Usb Aux Sd Card Audio 13103;Fernapet;cat3202;Radios de Auto;Publicado;;;   14990.0;;NORMAL;;http://falabella.scene7.com/is/image/Falabella/6534914_1?$producto308$;28/06/2018 09:01;Market Place;J11;ELECTRO HOGAR;J1102;AUDIO;J110206;CAR AUDIO;MK Radio Auto Fm Mp3 Usb Aux Sd Card Audio 13103
6497679;MK Fundas Universal Cubre Asientos Auto Momo 57743;Fundas Universal Cubre Asientos Auto Momo 57743;Momo;cat3007;Accesorios Auto;Publicado;;; 24990.0;;NORMAL;;http://falabella.scene7.com/is/image/Falabella/6497679_1?$producto308$;29/06/2018 00:10;Market Place;J17;REGALOS;J1701;REGALERIA;J170108;ADORNOS;MK Fundas Universal Cubre Asientos Auto Momo 57743
6472997;MK Pack 4 Silla Eames Clasica Replica;Pack 4 Silla Eames Clasica Replica;Fernapet;cat3007;Accesorios Auto;Despublicado;;;   59990.0;;NORMAL;;http://falabella.scene7.com/is/image/Falabella/6472997_1?$producto308$;15/06/2018 22:51;Market Place;J13;MUEBLES;J1304;COMPLEMENTOS;J130405;SILLAS DISEÑO;MK Pack 4 Silla Eames Clasica Replica
6472995;MK Pack 4 Silla Eames Clasica Replica;Pack 4 Silla Eames Clasica Replica;Fernapet;cat3007;Accesorios Auto;Despublicado;;     59990.0;;NORMAL;;http://falabella.scene7.com/is/image/Falabella/6472995_1?$producto308$;15/06/2018 22:51;Market Place;J13;MUEBLES;J1304;COMPLEMENTOS;J130405;SILLAS DISEÑO;MK Pack 4 Silla Eames Clasica Replica
6472994;MK Pack 4 Silla Eames Clasica Replica;Pack 4 Silla Eames Clasica Replica;Fernapet;cat3007;Accesorios Auto;Despublicado;;;  59990.0;;NORMAL;;http://falabella.scene7.com/is/image/Falabella/6472994_1?$producto308$;15/06/2018 22:51;Market Place;J13;MUEBLES;J1304;COMPLEMENTOS;J130405;SILLAS DISEÑO;MK Pack 4 Silla Eames Clasica Replica
6472993;MK Pack 4 Silla Eames Clasica Replica;Pack 4 Silla Eames Clasica Replica;Fernapet;cat3007;Accesorios Auto;Despublicado;;;  59990.0;;NORMAL;;http://falabella.scene7.com/is/image/Falabella/6472993_1?$producto308$;15/06/2018 22:51;Market Place;J13;MUEBLES;J1304;COMPLEMENTOS;J130405;SILLAS DISEÑO;MK Pack 4 Silla Eames Clasica Replica
6536901;MK Maquina De Burbujas  2 Litro De Liquido 59774;Maquina De Burbujas + 2 Litro De Liquido 59774;Fernapet;cat12280027;Juegos de Verano;Publicado;;       17990.0;;NORMAL;;http://falabella.scene7.com/is/image/Falabella/6536901_1?$producto308$;28/06/2018 09:02;Market Place;J11;ELECTRO HOGAR;J1109;ELECTRODOMESTICOS;J110901;ELECT.MENORES;MK Maquina De Burbujas  2 Litro De Liquido 59774
6537284;MK Radio Auto Fm Mp3 Usb Sd Aux 50w Cdx-gt1047 131;Radio Auto Fm Mp3 Usb Sd Aux 50w Cdx-gt1047 13104;Fernapet;cat3202;Radios de Auto;Publicado;;       14990.0;;NORMAL;;http://falabella.scene7.com/is/image/Falabella/6537284_1?$producto308$;28/06/2018 09:04;Market Place;J11;ELECTRO HOGAR;J1102;AUDIO;J110206;CAR AUDIO;MK Radio Auto Fm Mp3 Usb Sd Aux 50w Cdx-gt1047 131
6536898;MK Maquina De Humo 900 Watts Control Remoto 03523;Maquina De Humo 900 Watts Control Remoto 03523;Fernapet;cat2034;Electrodomésticos;Publicado;;;  47990.0;;NORMAL;;http://falabella.scene7.com/is/image/Falabella/6536898_1?$producto308$;28/06/2018 09:04;Market Place;J11;ELECTRO HOGAR;J1109;ELECTRODOMESTICOS;J110901;ELECT.MENORES;MK Maquina De Humo 900 Watts Control Remoto 03523
6537319;MK Cubre Asiento Cobertor Auto Gris Negro Funda 62;Cubre Asiento Cobertor Auto Gris Negro Funda 62753;Fernapet;cat3007;Accesorios Auto;Publicado;;;    8990.0;;NORMAL;;http://falabella.scene7.com/is/image/Falabella/6537319_1?$producto308$;28/06/2018 10:36;Market Place;J17;REGALOS;J1701;REGALERIA;J170108;ADORNOS;MK Cubre Asiento Cobertor Auto Gris Negro Funda 62
6537321;MK Cubre Asiento Funda Cobertor Auto Negro 62752;Cubre Asiento Funda Cobertor Auto Negro 62752;Fernapet;cat3007;Accesorios Auto;Publicado;;      9990.0;;NORMAL;;http://falabella.scene7.com/is/image/Falabella/6537321_1?$producto308$;28/06/2018 10:36;Market Place;J17;REGALOS;J1701;REGALERIA;J170108;ADORNOS;MK Cubre Asiento Funda Cobertor Auto Negro 62752
6537180;MK Toldo Plegable 3x3 Con Paredes Laterales;Toldo Plegable 3 x 3 con Paredes Laterales;Fernapet;cat70072;Complementos Terraza;Publicado;;;   90990.0;;NORMAL;;http://falabella.scene7.com/is/image/Falabella/6537180_1?$producto308$;02/07/2018 12:52;Market Place;J13;MUEBLES;J1307;TERRAZA;J130701;METAL;MK Toldo Plegable 3x3 Con Paredes Laterales
6537177;MK Toldo Plegable 3x3 Con Paredes Laterales;Toldo Plegable 3 x 3 con Paredes Laterales;Fernapet;cat70072;Complementos Terraza;Publicado;;;   64990.0;;NORMAL;;http://falabella.scene7.com/is/image/Falabella/6537177_1?$producto308$;02/07/2018 12:52;Market Place;J13;MUEBLES;J1307;TERRAZA;J130701;METAL;MK Toldo Plegable 3x3 Con Paredes Laterales
6537175;MK Toldo Plegable 3x3 Con Paredes Laterales;Toldo Plegable 3 x 3 con Paredes Laterales;Fernapet;cat70072;Complementos Terraza;Publicado;;;   64990.0;;NORMAL;;http://falabella.scene7.com/is/image/Falabella/6537175_1?$producto308$;02/07/2018 12:52;Market Place;J13;MUEBLES;J1307;TERRAZA;J130701;METAL;MK Toldo Plegable 3x3 Con Paredes Laterales
6537173;MK Toldo Plegable 3x3 Con Paredes Laterales;Toldo Plegable 3 x 3 con Paredes Laterales;Fernapet;cat70072;Complementos Terraza;Publicado;;;   77990.0;;NORMAL;;http://falabella.scene7.com/is/image/Falabella/6537173_1?$producto308$;02/07/2018 12:52;Market Place;J13;MUEBLES;J1307;TERRAZA;J130701;METAL;MK Toldo Plegable 3x3 Con Paredes Laterales
6537222;MK Maquina De Ejercicios Infantil Multiremo 34859;Máquina de Ejercicios Infantil Multiremo 34859;Fernapet;cat8990009;Máquinas de Ejercicios;Publicado;;;  114990.0;;NORMAL;;http://falabella.scene7.com/is/image/Falabella/6537222_1?$producto308$;02/07/2018 12:55;Market Place;J09;NIÑOS;J0909;JUGUETERIA;J090906;ELECTRONICOS;MK Maquina De Ejercicios Infantil Multiremo 34859
6537218;MK Maquina De Ejercicios Infantil Giros Cintura 34;Máquina de Ejercicios Infantil Giros Cintura 34858;Fernapet;cat8990009;Máquinas de Ejercicios;Despublicado;;      100990.0;;NORMAL;;http://falabella.scene7.com/is/image/Falabella/6537218_1?$producto308$;02/07/2018 12:54;Market Place;J09;NIÑOS;J0909;JUGUETERIA;J090906;ELECTRONICOS;MK Maquina De Ejercicios Infantil Giros Cintura 34
6537279;MK Par Ampolleta Auto Led Cob H4 36w 6k 02972;Par Ampolleta Auto Led Cob H4 36w 6k 02972;Fernapet;cat12590001;Apliqués, Focos y Plafones;Publicado;;;24990.0;;NORMAL;;http://falabella.scene7.com/is/image/Falabella/6537279_1?$producto308$;02/07/2018 12:56;Market Place;J17;REGALOS;J1701;REGALERIA;J170108;ADORNOS;MK Par Ampolleta Auto Led Cob H4 36w 6k 02972
6418697;MK Set Fundas Sparco Asiento Ecocuero Negro 31096;Set Fundas Sparco Asiento Ecocuero Negro 31096;Fernapet;cat3007;Accesorios Auto;Publicado;;; 57990.0;;NORMAL;;http://falabella.scene7.com/is/image/Falabella/6418697_1?$producto308$;28/06/2018 10:24;Market Place;J17;REGALOS;J1701;REGALERIA;J170108;ADORNOS;MK Set Fundas Sparco Asiento Ecocuero Negro 31096
6577407;MK Camilla Masajes Regulable  Aluminio azul;MK Camilla Masajes Regulable  Aluminio azul;Fernapet;cat3154;Relojes Deportivos;Despublicado;;;   99990.0;;NORMAL;;http://falabella.scene7.com/is/image/Falabella/6577407_1?$producto308$;19/07/2018 00:55;Market Place;J03;DEPORTES;J0309;GIMNASIO;J030903;ACCESORIOS;MK Camilla Masajes Regulable  Aluminio azul
6537227;MK Maquina De Ejercicios Infantil Rider 34854;Máquina de Ejercicios Infantil Rider 34854;Fernapet;cat8990009;Máquinas de Ejercicios;Publicado;;;  100990.0;;NORMAL;;http://falabella.scene7.com/is/image/Falabella/6537227_1?$producto308$;02/07/2018 12:56;Market Place;J09;NIÑOS;J0909;JUGUETERIA;J090906;ELECTRONICOS;MK Maquina De Ejercicios Infantil Rider 34854
6537213;MK Maquina De Ejercicios Infantil Banco Pesas 3485;Máquina de Ejercicios Infantil Banco Pesas 34855;Fernapet;cat8990009;Máquinas de Ejercicios;Publicado;;;114990.0;;NORMAL;;http://falabella.scene7.com/is/image/Falabella/6537213_1?$producto308$;02/07/2018 12:54;Market Place;J09;NIÑOS;J0909;JUGUETERIA;J090906;ELECTRONICOS;MK Maquina De Ejercicios Infantil Banco Pesas 3485
6537281;MK Termolaminadora Plastificadora Carta Oficio 801;Termolaminadora Plastificadora Carta Oficio 80150;Fernapet;cat2001;Accesorios Computación;Publicado;;;25990.0;;NORMAL;;http://falabella.scene7.com/is/image/Falabella/6537281_1?$producto308$;28/06/2018 09:03;Market Place;J17;REGALOS;J1701;REGALERIA;J170108;ADORNOS;MK Termolaminadora Plastificadora Carta Oficio 801
6674601;MK Audífono Manos Libres - Awei Te55vi 94246 V;Audífono Manos Libres - Awei Te55vi 94246 V;Fernapet;cat1820034;Manos Libres;Publicado;;;8990.0;;NORMAL;;http://falabella.scene7.com/is/image/Falabella/6674601_1?$producto308$;23/08/2018 22:02;Market Place;J11;ELECTRO HOGAR;J1114;ACCESORIOS;J111401;ACCESORIOS AUDIO;MK Audífono Manos Libres - Awei Te55vi 94246 V
6674582;MK Audífono Manos Libres Awei Es900i 94203 R;Audífono Manos Libres Awei Es900i 94203 R;Fernapet;cat1820034;Manos Libres;Publicado;;;7990.0;;NORMAL;;http://falabella.scene7.com/is/image/Falabella/6674582_1?$producto308$;23/08/2018 22:12;Market Place;J11;ELECTRO HOGAR;J1114;ACCESORIOS;J111401;ACCESORIOS AUDIO;MK Audífono Manos Libres Awei Es900i 94203 R
6674581;MK Cargador Portátil 10.000mah Awei P80k 94231 N;Cargador Portátil 10.000mah Awei P80k 94231 N;Fernapet;cat7230057;Baterias Externas;Publicado;;; 26990.0;;NORMAL;;http://falabella.scene7.com/is/image/Falabella/6674581_1?$producto308$;23/08/2018 22:12;Market Place;J11;ELECTRO HOGAR;J1114;ACCESORIOS;J111408;ACCESORIOS CELULARES;MK Cargador Portátil 10.000mah Awei P80k 94231 N
6674580;MK Cargador Portátil 10.000mah Awei P80k 94231 R;Cargador Portátil 10.000mah Awei P80k 94231 R;Fernapet;cat7230057;Baterias Externas;Publicado;;; 26990.0;;NORMAL;;http://falabella.scene7.com/is/image/Falabella/6674580_1?$producto308$;23/08/2018 22:13;Market Place;J11;ELECTRO HOGAR;J1114;ACCESORIOS;J111408;ACCESORIOS CELULARES;MK Cargador Portátil 10.000mah Awei P80k 94231 R
6674589;MK Audífono Manos Libres Awei Es900i 94203 V;Audífono Manos Libres Awei Es900i 94203 V;Fernapet;cat1820034;Manos Libres;Publicado;;;7990.0;;NORMAL;;http://falabella.scene7.com/is/image/Falabella/6674589_1?$producto308$;23/08/2018 22:06;Market Place;J11;ELECTRO HOGAR;J1114;ACCESORIOS;J111401;ACCESORIOS AUDIO;MK Audífono Manos Libres Awei Es900i 94203 V
6674587;MK Audífono Manos Libres Awei Es900i 94203 N;Audífono Manos Libres Awei Es900i 94203 N;Fernapet;cat1820034;Manos Libres;Publicado;;;7990.0;;NORMAL;;http://falabella.scene7.com/is/image/Falabella/6674587_1?$producto308$;23/08/2018 22:07;Market Place;J11;ELECTRO HOGAR;J1114;ACCESORIOS;J111401;ACCESORIOS AUDIO;MK Audífono Manos Libres Awei Es900i 94203 N
6674579;MK Cargador Portátil 10.000mah Awei P80k 94231 G;Cargador Portátil 10.000mah Awei P80k 94231 G;Fernapet;cat7230057;Baterias Externas;Publicado;;; 26990.0;;NORMAL;;http://falabella.scene7.com/is/image/Falabella/6674579_1?$producto308$;23/08/2018 22:13;Market Place;J11;ELECTRO HOGAR;J1114;ACCESORIOS;J111408;ACCESORIOS CELULARES;MK Cargador Portátil 10.000mah Awei P80k 94231 G
6674578;MK Parlante Bluetooth Portatil Out Aiwa 21246;Parlante Bluetooth Portatil Out Aiwa 21246;AIWA;cat7230057;Baterias Externas;Publicado;;    21990.0;;NORMAL;;http://falabella.scene7.com/is/image/Falabella/6674578_1?$producto308$;23/08/2018 22:18;Market Place;J11;ELECTRO HOGAR;J1114;ACCESORIOS;J111401;ACCESORIOS AUDIO;MK Parlante Bluetooth Portatil Out Aiwa 21246
6674576;MK Cargador Bateria Portatil Awei P92k 10.000 9422;Cargador Bateria Portatil Awei P92k 10.000 94223 N;Fernapet;cat7230057;Baterias Externas;Publicado;;     19990.0;;NORMAL;;http://falabella.scene7.com/is/image/Falabella/6674576_1?$producto308$;23/08/2018 22:14;Market Place;J11;ELECTRO HOGAR;J1114;ACCESORIOS;J111408;ACCESORIOS CELULARES;MK Cargador Bateria Portatil Awei P92k 10.000 9422
6674570;MK Cargador Inalambrico Awei P59k 10000mah 94222 N;Cargador Inalambrico Awei P59k 10000mah 94222 N;Fernapet;cat7230057;Baterias Externas;Publicado;;       29990.0;;NORMAL;;http://falabella.scene7.com/is/image/Falabella/6674570_1?$producto308$;23/08/2018 22:16;Market Place;J11;ELECTRO HOGAR;J1114;ACCESORIOS;J111408;ACCESORIOS CELULARES;MK Cargador Inalambrico Awei P59k 10000mah 94222 N
6674574;MK Cargador Bateria Portatil Awei P92k 10.000 9422;Cargador Bateria Portatil Awei P92k 10.000 94223 R;Fernapet;cat7230057;Baterias Externas;Publicado;;     19990.0;;NORMAL;;http://falabella.scene7.com/is/image/Falabella/6674574_1?$producto308$;23/08/2018 22:15;Market Place;J11;ELECTRO HOGAR;J1114;ACCESORIOS;J111408;ACCESORIOS CELULARES;MK Cargador Bateria Portatil Awei P92k 10.000 9422
6674572;MK Cargador Bateria Portatil Awei P54k 10.000 9422;Cargador Bateria Portatil Awei P54k 10.000 94226 N;Fernapet;cat7230057;Baterias Externas;Publicado;;     24990.0;;NORMAL;;http://falabella.scene7.com/is/image/Falabella/6674572_1?$producto308$;23/08/2018 22:15;Market Place;J11;ELECTRO HOGAR;J1114;ACCESORIOS;J111408;ACCESORIOS CELULARES;MK Cargador Bateria Portatil Awei P54k 10.000 9422
6674573;MK Cargador Bateria Portatil Awei P54k 10.000 9422;Cargador Bateria Portatil Awei P54k 10.000 94226 R;Fernapet;cat7230057;Baterias Externas;Publicado;;     24990.0;;NORMAL;;http://falabella.scene7.com/is/image/Falabella/6674573_1?$producto308$;23/08/2018 22:15;Market Place;J11;ELECTRO HOGAR;J1114;ACCESORIOS;J111408;ACCESORIOS CELULARES;MK Cargador Bateria Portatil Awei P54k 10.000 9422
6674568;MK Parrilla A Carbon Portable Barbecue Bbq 55645;Parrilla A Carbon Portable Barbecue Bbq 55645;Fernapet;cat2450141;Parrillas de Carbón;Publicado;;;  19990.0;;NORMAL;;http://falabella.scene7.com/is/image/Falabella/6674568_1?$producto308$;23/08/2018 22:17;Market Place;J15;MENAJE;J1501;COCINA;J150113;PARRILLAS;MK Parrilla A Carbon Portable Barbecue Bbq 55645
6674563;MK Kit Camaras CCTV Seguridad 4 Canales 01409;Kit Camaras CCTV Seguridad 4 Canales 01409;Fernapet;cat7190094;Cámaras de seguridad;Publicado;;;  89990.0;;NORMAL;;http://falabella.scene7.com/is/image/Falabella/6674563_1?$producto308$;23/08/2018 22:18;Market Place;J11;ELECTRO HOGAR;J1114;ACCESORIOS;J111412;SMART HOME;MK Kit Camaras CCTV Seguridad 4 Canales 01409
6674565;MK Parrilla Carbon Ahumadora Bbq Asado 29772;Parrilla Carbon Ahumadora Bbq Asado 29772;Fernapet;cat2450141;Parrillas de Carbón;Despublicado;;    99990.0;;NORMAL;;http://falabella.scene7.com/is/image/Falabella/6674565_1?$producto308$;23/08/2018 22:17;Market Place;J15;MENAJE;J1501;COCINA;J150113;PARRILLAS;MK Parrilla Carbon Ahumadora Bbq Asado 29772
6668860;MK Audifono Manos Libres - Awei Es910i Bl 94202 N;Audifono Manos Libres - Awei Es910i Bl 94202 N;Fernapet;cat7690003;Audifonos Bluetooth;Publicado;;; 7990.0;;NORMAL;;http://falabella.scene7.com/is/image/Falabella/6668860_1?$producto308$;21/08/2018 00:28;Market Place;J11;ELECTRO HOGAR;J1114;ACCESORIOS;J111401;ACCESORIOS AUDIO;MK Audifono Manos Libres - Awei Es910i Bl 94202 N
6668866;MK Audífono Awei B922bl Magnético Inalambrico 9421;Audífono Awei B922bl Magnético Inalambrico 94215 G;Fernapet;cat7690003;Audifonos Bluetooth;Publicado;;      14990.0;;NORMAL;;http://falabella.scene7.com/is/image/Falabella/6668866_1?$producto308$;21/08/2018 00:30;Market Place;J11;ELECTRO HOGAR;J1114;ACCESORIOS;J111401;ACCESORIOS AUDIO;MK Audífono Awei B922bl Magnético Inalambrico 9421
6668873;MK Torre Rascador Para Gatos 4 Niveles Cat 608sa;Torre Rascador Para Gatos 4 Niveles Cat 608sa;Fernapet;cat9360001;Mundo Mascotas;Publicado;;;  70990.0;;NORMAL;;http://falabella.scene7.com/is/image/Falabella/6668873_1?$producto308$;21/08/2018 00:32;Market Place;J17;REGALOS;J1701;REGALERIA;J170108;ADORNOS;MK Torre Rascador Para Gatos 4 Niveles Cat 608sa
6674605;MK Audífono Inalambrico Cargador Awei T8 Bt 94217;Audífono Inalambrico Cargador Awei T8 Bt 94217 N;Fernapet;cat7690003;Audifonos Bluetooth;Publicado;;      37990.0;;NORMAL;;http://falabella.scene7.com/is/image/Falabella/6674605_1?$producto308$;23/08/2018 22:01;Market Place;J11;ELECTRO HOGAR;J1114;ACCESORIOS;J111401;ACCESORIOS AUDIO;MK Audífono Inalambrico Cargador Awei T8 Bt 94217
6674604;MK Audífono Inalambrico Cargador Awei T8 Bt 94217;Audífono Inalambrico Cargador Awei T8 Bt 94217 P;Fernapet;cat7690003;Audifonos Bluetooth;Despublicado;;     37990.0;;NORMAL;;http://falabella.scene7.com/is/image/Falabella/6674604_1?$producto308$;23/08/2018 22:01;Market Place;J11;ELECTRO HOGAR;J1114;ACCESORIOS;J111401;ACCESORIOS AUDIO;MK Audífono Inalambrico Cargador Awei T8 Bt 94217
6674603;MK Audífono Inalambrico Cargador Awei T8 Bt 94217;Audífono Inalambrico Cargador Awei T8 Bt 94217 D;Fernapet;cat7690003;Audifonos Bluetooth;Publicado;;      37990.0;;NORMAL;;http://falabella.scene7.com/is/image/Falabella/6674603_1?$producto308$;23/08/2018 22:01;Market Place;J11;ELECTRO HOGAR;J1114;ACCESORIOS;J111401;ACCESORIOS AUDIO;MK Audífono Inalambrico Cargador Awei T8 Bt 94217
6674602;MK Audífono Inalambrico Cargador Awei T8 Bt 94217;Audífono Inalambrico Cargador Awei T8 Bt 94217 R;Fernapet;cat7690003;Audifonos Bluetooth;Publicado;;      37990.0;;NORMAL;;http://falabella.scene7.com/is/image/Falabella/6674602_1?$producto308$;23/08/2018 22:02;Market Place;J11;ELECTRO HOGAR;J1114;ACCESORIOS;J111401;ACCESORIOS AUDIO;MK Audífono Inalambrico Cargador Awei T8 Bt 94217
6668858;MK Audifono Manos Libres - Awei Es910i Bl 94202 A;Audifono Manos Libres - Awei Es910i Bl 94202 A;Fernapet;cat7690003;Audifonos Bluetooth;Publicado;;; 7990.0;;NORMAL;;http://falabella.scene7.com/is/image/Falabella/6668858_1?$producto308$;21/08/2018 00:27;Market Place;J11;ELECTRO HOGAR;J1114;ACCESORIOS;J111401;ACCESORIOS AUDIO;MK Audifono Manos Libres - Awei Es910i Bl 94202 A
6674607;MK Audífono Awei Es-q3 Stereo Cable 3.5 Mm 94201 N;Audífono Awei Es-q3 Stereo Cable 3.5 Mm 94201 Ng;Fernapet;cat1640004;In-Ear;Publicado;;;    4990.0;;NORMAL;;http://falabella.scene7.com/is/image/Falabella/6674607_1?$producto308$;23/08/2018 22:05;Market Place;J11;ELECTRO HOGAR;J1114;ACCESORIOS;J111401;ACCESORIOS AUDIO;MK Audífono Awei Es-q3 Stereo Cable 3.5 Mm 94201 N
6674606;MK Audífono Awei Es-q3 Stereo Cable 3.5 Mm 94201 F;Audífono Awei Es-q3 Stereo Cable 3.5 Mm 94201 F;Fernapet;cat1640004;In-Ear;Publicado;;;  4990.0;;NORMAL;;http://falabella.scene7.com/is/image/Falabella/6674606_1?$producto308$;23/08/2018 22:05;Market Place;J11;ELECTRO HOGAR;J1114;ACCESORIOS;J111401;ACCESORIOS AUDIO;MK Audífono Awei Es-q3 Stereo Cable 3.5 Mm 94201 F
6668884;MK Toalla Sanitaria Mascotas 40 Pcs 60x60 Cm 34933;Toalla Sanitaria Mascotas 40 Pcs 60x60 Cm 34933;Fernapet;cat9360001;Mundo Mascotas;Publicado;;;  35990.0;;NORMAL;;http://falabella.scene7.com/is/image/Falabella/6668884_1?$producto308$;21/08/2018 00:34;Market Place;J17;REGALOS;J1701;REGALERIA;J170108;ADORNOS;MK Toalla Sanitaria Mascotas 40 Pcs 60x60 Cm 34933
6668863;MK Audífono Magnético Awei A921bl Inalambrico 9421;Audífono Magnético Awei A921bl Inalambrico 94214 R;Fernapet;cat7690003;Audifonos Bluetooth;Publicado;;      18990.0;;NORMAL;;http://falabella.scene7.com/is/image/Falabella/6668863_1?$producto308$;21/08/2018 00:29;Market Place;J11;ELECTRO HOGAR;J1114;ACCESORIOS;J111401;ACCESORIOS AUDIO;MK Audífono Magnético Awei A921bl Inalambrico 9421
6668868;MK Audífono Awei B922bl Magnético Inalambrico 9421;Audífono Awei B922bl Magnético Inalambrico 94215 N;Fernapet;cat7690003;Audifonos Bluetooth;Publicado;;      14990.0;;NORMAL;;http://falabella.scene7.com/is/image/Falabella/6668868_1?$producto308$;21/08/2018 00:31;Market Place;J11;ELECTRO HOGAR;J1114;ACCESORIOS;J111401;ACCESORIOS AUDIO;MK Audífono Awei B922bl Magnético Inalambrico 9421
6668875;MK Torre Rascador Para Gatos 3 Niveles 30094;Torre Rascador Para Gatos 3 Niveles 30094;Fernapet;cat9360001;Mundo Mascotas;Publicado;;;  70990.0;;NORMAL;;http://falabella.scene7.com/is/image/Falabella/6668875_1?$producto308$;21/08/2018 00:32;Market Place;J17;REGALOS;J1701;REGALERIA;J170108;ADORNOS;MK Torre Rascador Para Gatos 3 Niveles 30094
6668882;MK Rascador Para Gatos Siamés 1.30 Mt De Altura 80;Rascador Para Gatos Siamés 1.30 Mt De Altura 801;Fernapet;cat9360001;Mundo Mascotas;Publicado;;      47990.0;;NORMAL;;http://falabella.scene7.com/is/image/Falabella/6668882_1?$producto308$;21/08/2018 00:33;Market Place;J17;REGALOS;J1701;REGALERIA;J170108;ADORNOS;MK Rascador Para Gatos Siamés 1.30 Mt De Altura 80
6668867;MK Audífono Awei B922bl Magnético Inalambrico 9421;Audífono Awei B922bl Magnético Inalambrico 94215 R;Fernapet;cat7690003;Audifonos Bluetooth;Publicado;;      14990.0;;NORMAL;;http://falabella.scene7.com/is/image/Falabella/6668867_1?$producto308$;21/08/2018 00:30;Market Place;J11;ELECTRO HOGAR;J1114;ACCESORIOS;J111401;ACCESORIOS AUDIO;MK Audífono Awei B922bl Magnético Inalambrico 9421
6668871;MK Rascador Gatos Casa 3 Pisos 91 X 70 Cm Cat804;Rascador Gatos Casa 3 Pisos 91 X 70 Cm Cat804;Fernapet;cat9360001;Mundo Mascotas;Publicado;;;  47990.0;;NORMAL;;http://falabella.scene7.com/is/image/Falabella/6668871_1?$producto308$;21/08/2018 00:31;Market Place;J17;REGALOS;J1701;REGALERIA;J170108;ADORNOS;MK Rascador Gatos Casa 3 Pisos 91 X 70 Cm Cat804
6674595;MK Audífono Manos Libres - Awei Te55vi 94246 A;Audífono Manos Libres - Awei Te55vi 94246 A;Fernapet;cat1820034;Manos Libres;Publicado;;;8990.0;;NORMAL;;http://falabella.scene7.com/is/image/Falabella/6674595_1?$producto308$;23/08/2018 22:03;Market Place;J11;ELECTRO HOGAR;J1114;ACCESORIOS;J111401;ACCESORIOS AUDIO;MK Audífono Manos Libres - Awei Te55vi 94246 A
6674596;MK Audífono Manos Libres - Awei Te55vi 94246 M;Audífono Manos Libres - Awei Te55vi 94246 M;Fernapet;cat1820034;Manos Libres;Publicado;;;8990.0;;NORMAL;;http://falabella.scene7.com/is/image/Falabella/6674596_1?$producto308$;23/08/2018 22:03;Market Place;J11;ELECTRO HOGAR;J1114;ACCESORIOS;J111401;ACCESORIOS AUDIO;MK Audífono Manos Libres - Awei Te55vi 94246 M
6579257;MK Camilla Masajes Regulable Madera 3 Cuerpos;Camilla Masajes Regulable Madera 3 Cuerpos;Fernapet;cat3154;Relojes Deportivos;Despublicado;;    117990.0;;NORMAL;;http://falabella.scene7.com/is/image/Falabella/6579257_1?$producto308$;19/07/2018 00:56;Market Place;J03;DEPORTES;J0309;GIMNASIO;J030903;ACCESORIOS;MK Camilla Masajes Regulable Madera 3 Cuerpos
6579256;MK Camilla Masajes Regulable Madera 3 Cuerpos;Camilla Masajes Regulable Madera 3 Cuerpos;Fernapet;cat3154;Relojes Deportivos;Despublicado;;    117990.0;;NORMAL;;http://falabella.scene7.com/is/image/Falabella/6579256_1?$producto308$;19/07/2018 00:56;Market Place;J03;DEPORTES;J0309;GIMNASIO;J030903;ACCESORIOS;MK Camilla Masajes Regulable Madera 3 Cuerpos
6577409;MK Camilla Masajes Profesional Madera1 Negro;Camilla Masajes Profesional Madera1 Negro;Fernapet;cat3154;Relojes Deportivos;Despublicado;;; 99990.0;;NORMAL;;http://falabella.scene7.com/is/image/Falabella/6577409_1?$producto308$;19/07/2018 00:56;Market Place;J03;DEPORTES;J0309;GIMNASIO;J030903;ACCESORIOS;MK Camilla Masajes Profesional Madera1 Negro
6577406;MK Camilla Masajes Profesional Madera1 Negro;Camilla Masajes Profesional Madera1 Negro;Fernapet;cat3154;Relojes Deportivos;Despublicado;;; 99990.0;;NORMAL;;http://falabella.scene7.com/is/image/Falabella/6577406_1?$producto308$;19/07/2018 00:56;Market Place;J03;DEPORTES;J0309;GIMNASIO;J030903;ACCESORIOS;MK Camilla Masajes Profesional Madera1 Negro
6495983;MK Jaula De Transporte Golden Pet 30 Mascotas;Jaula de Transporte Golden Pet 30 Mascotas;Fernapet;cat9360001;Mundo Mascotas;Despublicado;;; 23990.0;;NORMAL;;http://falabella.scene7.com/is/image/Falabella/6495983_1?$producto308$;28/06/2018 09:01;Market Place;J17;REGALOS;J1701;REGALERIA;J170112;REGALOS INFANTILES;MK Jaula De Transporte Golden Pet 30 Mascotas
6495982;MK Jaula De Transporte Golden Pet 30 Mascotas;Jaula de Transporte Golden Pet 30 Mascotas;Fernapet;cat9360001;Mundo Mascotas;Despublicado;;; 23990.0;;NORMAL;;http://falabella.scene7.com/is/image/Falabella/6495982_1?$producto308$;28/06/2018 09:01;Market Place;J17;REGALOS;J1701;REGALERIA;J170112;REGALOS INFANTILES;MK Jaula De Transporte Golden Pet 30 Mascotas
6495981;MK Jaula De Transporte Golden Pet 30 Mascotas;Jaula de Transporte Golden Pet 30 Mascotas;Fernapet;cat9360001;Mundo Mascotas;Despublicado;;; 23990.0;;NORMAL;;http://falabella.scene7.com/is/image/Falabella/6495981_1?$producto308$;28/06/2018 09:01;Market Place;J17;REGALOS;J1701;REGALERIA;J170112;REGALOS INFANTILES;MK Jaula De Transporte Golden Pet 30 Mascotas
6534915;MK Radio De Auto Fm Mp3 Usb Sd Aux 01488;Radio De Auto Fm Mp3 Usb Sd Aux 01488;Fernapet;cat3202;Radios de Auto;Publicado;;;   15990.0;;NORMAL;;http://falabella.scene7.com/is/image/Falabella/6534915_1?$producto308$;28/06/2018 09:01;Market Place;J11;ELECTRO HOGAR;J1102;AUDIO;J110206;CAR AUDIO;MK Radio De Auto Fm Mp3 Usb Sd Aux 01488
6495929;MK Jaula De Transporte Golden Pet 20 Mascotas;Jaula de Transporte Golden Pet 20 Mascotas;Fernapet;cat9360001;Mundo Mascotas;Publicado;;; 11990.0;;NORMAL;;http://falabella.scene7.com/is/image/Falabella/6495929_1?$producto308$;28/06/2018 08:57;Market Place;J17;REGALOS;J1701;REGALERIA;J170112;REGALOS INFANTILES;MK Jaula De Transporte Golden Pet 20 Mascotas
6495928;MK Jaula De Transporte Golden Pet 20 Mascotas;Jaula de Transporte Golden Pet 20 Mascotas;Fernapet;cat9360001;Mundo Mascotas;Publicado;;; 11990.0;;NORMAL;;http://falabella.scene7.com/is/image/Falabella/6495928_1?$producto308$;28/06/2018 08:57;Market Place;J17;REGALOS;J1701;REGALERIA;J170112;REGALOS INFANTILES;MK Jaula De Transporte Golden Pet 20 Mascotas
6495927;MK Jaula De Transporte Golden Pet 20 Mascotas;Jaula de Transporte Golden Pet 20 Mascotas;Fernapet;cat9360001;Mundo Mascotas;Publicado;;; 11990.0;;NORMAL;;http://falabella.scene7.com/is/image/Falabella/6495927_1?$producto308$;28/06/2018 08:57;Market Place;J17;REGALOS;J1701;REGALERIA;J170112;REGALOS INFANTILES;MK Jaula De Transporte Golden Pet 20 Mascotas
6537317;MK Funda Asiento Auto Diseño Gris Universal 62719;Funda Asiento Auto Diseño Gris Universal 62719;Fernapet;cat3007;Accesorios Auto;Publicado;;;   18990.0;;NORMAL;;http://falabella.scene7.com/is/image/Falabella/6537317_1?$producto308$;28/06/2018 10:35;Market Place;J17;REGALOS;J1701;REGALERIA;J170108;ADORNOS;MK Funda Asiento Auto Diseño Gris Universal 62719
6537313;MK Funda Universal Cubre Asientos Auto 62722;Funda Universal Cubre Asientos Auto 62722;Fernapet;cat3007;Accesorios Auto;Publicado;;     18990.0;;NORMAL;;http://falabella.scene7.com/is/image/Falabella/6537313_1?$producto308$;28/06/2018 10:35;Market Place;J17;REGALOS;J1701;REGALERIA;J170108;ADORNOS;MK Funda Universal Cubre Asientos Auto 62722
6534917;MK Radio De Auto Fm Mp3 Usb Sd Aux Cdx-gt1011 0148;Radio De Auto Fm Mp3 Usb Sd Aux Cdx-gt1011 01489;Fernapet;cat3202;Radios de Auto;Publicado;;     15990.0;;NORMAL;;http://falabella.scene7.com/is/image/Falabella/6534917_1?$producto308$;28/06/2018 09:02;Market Place;J11;ELECTRO HOGAR;J1102;AUDIO;J110206;CAR AUDIO;MK Radio De Auto Fm Mp3 Usb Sd Aux Cdx-gt1011 0148
6536900;MK Teléfono Celular Senior Doble Sim Sos 03694;Teléfono Celular Senior Doble Sim Sos 03694;Introtech;cat720161;Smartphones;Despublicado;;       18990.0;;NORMAL;;http://falabella.scene7.com/is/image/Falabella/6536900_1?$producto308$;28/06/2018 09:02;Market Place;J11;ELECTRO HOGAR;J1105;TELEFONIA;J110503;EQUIPOS;MK Teléfono Celular Senior Doble Sim Sos 03694
6537286;MK Parlante Bowmann Bt Karaoke Dj Mixer 12683;Parlante Bowmann Bt Karaoke Dj Mixer 12683;Fernapet;cat3171;Parlantes Bluetooth;Publicado;;   100990.0;;NORMAL;;http://falabella.scene7.com/is/image/Falabella/6537286_1?$producto308$;28/06/2018 09:04;Market Place;J11;ELECTRO HOGAR;J1114;ACCESORIOS;J111401;ACCESORIOS AUDIO;MK Parlante Bowmann Bt Karaoke Dj Mixer 12683
6537287;MK Parlante Bowmann Karaoke Bluetooth Microfono 12;Parlante Bowmann Karaoke Bluetooth Microfono 1222;Fernapet;cat3171;Parlantes Bluetooth;Despublicado;;      17990.0;;NORMAL;;http://falabella.scene7.com/is/image/Falabella/6537287_1?$producto308$;28/06/2018 09:05;Market Place;J11;ELECTRO HOGAR;J1114;ACCESORIOS;J111401;ACCESORIOS AUDIO;MK Parlante Bowmann Karaoke Bluetooth Microfono 12
6537170;MK Mesa Comedor Rectangular Madera  8 Sillas 28871;Mesa Comedor Rectangular Madera + 8 Sillas 28871;Fernapet;;;Despublicado;;       200990.0;;NORMAL;;http://falabella.scene7.com/is/image/Falabella/6537170_1?$producto308$;02/07/2018 12:52;Market Place;J13;MUEBLES;J1302;COMEDOR;J130201;MESA DE COMEDOR;MK Mesa Comedor Rectangular Madera  8 Sillas 28871
6537166;MK Mesa Comedor Rectangular Madera  4 Sillas;Mesa Comedor Rectangular Madera + 4 Sillas;Fernapet;cat3149;Mesas de Comedor;Despublicado;;; 142990.0;;NORMAL;;http://falabella.scene7.com/is/image/Falabella/6537166_1?$producto308$;02/07/2018 12:51;Market Place;J13;MUEBLES;J1302;COMEDOR;J130201;MESA DE COMEDOR;MK Mesa Comedor Rectangular Madera  4 Sillas
6537164;MK Mesa Comedor Rectangular Madera  4 Sillas;Mesa Comedor Rectangular Madera + 4 Sillas;Fernapet;cat3149;Mesas de Comedor;Despublicado;;; 142990.0;;NORMAL;;http://falabella.scene7.com/is/image/Falabella/6537164_1?$producto308$;02/07/2018 12:51;Market Place;J13;MUEBLES;J1302;COMEDOR;J130201;MESA DE COMEDOR;MK Mesa Comedor Rectangular Madera  4 Sillas
6537163;MK Mesa Comedor Rectangular Madera  4 Sillas;Mesa Comedor Rectangular Madera + 4 Sillas;Fernapet;cat3149;Mesas de Comedor;Despublicado;;; 142990.0;;NORMAL;;http://falabella.scene7.com/is/image/Falabella/6537163_1?$producto308$;02/07/2018 12:51;Market Place;J13;MUEBLES;J1302;COMEDOR;J130201;MESA DE COMEDOR;MK Mesa Comedor Rectangular Madera  4 Sillas
6537182;MK Toldo Plegable 3x6 Con Paredes 3 Lados Laterale;Toldo Plegable 3 x 6 con Paredes 3 Lados Laterales;Fernapet;cat70072;Complementos Terraza;Publicado;;;181990.0;;NORMAL;;http://falabella.scene7.com/is/image/Falabella/6537182_1?$producto308$;02/07/2018 12:53;Market Place;J13;MUEBLES;J1307;TERRAZA;J130701;METAL;MK Toldo Plegable 3x6 Con Paredes 3 Lados Laterale
6537179;MK Toldo Plegable 3x6 Con Paredes 3 Lados Laterale;Toldo Plegable 3 x 6 con Paredes 3 Lados Laterales;Fernapet;cat70072;Complementos Terraza;Publicado;;;181990.0;;NORMAL;;http://falabella.scene7.com/is/image/Falabella/6537179_1?$producto308$;02/07/2018 12:53;Market Place;J13;MUEBLES;J1307;TERRAZA;J130701;METAL;MK Toldo Plegable 3x6 Con Paredes 3 Lados Laterale
6537176;MK Toldo Plegable 3x6 Con Paredes 3 Lados Laterale;Toldo Plegable 3 x 6 con Paredes 3 Lados Laterales;Fernapet;cat70072;Complementos Terraza;Publicado;;;194990.0;;NORMAL;;http://falabella.scene7.com/is/image/Falabella/6537176_1?$producto308$;02/07/2018 12:53;Market Place;J13;MUEBLES;J1307;TERRAZA;J130701;METAL;MK Toldo Plegable 3x6 Con Paredes 3 Lados Laterale
6534910;MK Termolaminadora  Guillotina 25x30 100 Micas Car;Termolaminadora  Guillotina 25x30 100 Micas Carta;Fernapet;cat2001;Accesorios Computación;Publicado;;;45990.0;;NORMAL;;http://falabella.scene7.com/is/image/Falabella/6534910_1?$producto308$;28/06/2018 09:01;Market Place;J17;REGALOS;J1701;REGALERIA;J170108;ADORNOS;MK Termolaminadora  Guillotina 25x30 100 Micas Car
6496015;MK Silla Eames Apoyabrazo Vintage Replica;Silla Eames Apoyabrazo Vintage Replica;Fernapet;cat5140006;Sillas Diseño;Publicado;;       24990.0;;NORMAL;;http://falabella.scene7.com/is/image/Falabella/6496015_1?$producto308$;28/06/2018 09:03;Market Place;J13;MUEBLES;J1304;COMPLEMENTOS;J130405;SILLAS DISEÑO;MK Silla Eames Apoyabrazo Vintage Replica
6496014;MK Silla Eames Apoyabrazo Vintage Replica;Silla Eames Apoyabrazo Vintage Replica;Fernapet;cat5140006;Sillas Diseño;Publicado;;       24990.0;;NORMAL;;http://falabella.scene7.com/is/image/Falabella/6496014_1?$producto308$;28/06/2018 09:03;Market Place;J13;MUEBLES;J1304;COMPLEMENTOS;J130405;SILLAS DISEÑO;MK Silla Eames Apoyabrazo Vintage Replica
6496013;MK Silla Eames Apoyabrazo Vintage Replica;Silla Eames Apoyabrazo Vintage Replica;Fernapet;cat5140006;Sillas Diseño;Publicado;;       24990.0;;NORMAL;;http://falabella.scene7.com/is/image/Falabella/6496013_1?$producto308$;28/06/2018 09:03;Market Place;J13;MUEBLES;J1304;COMPLEMENTOS;J130405;SILLAS DISEÑO;MK Silla Eames Apoyabrazo Vintage Replica
6496012;MK Silla Eames Apoyabrazo Vintage Replica;Silla Eames Apoyabrazo Vintage Replica;Fernapet;cat5140006;Sillas Diseño;Publicado;;       24990.0;;NORMAL;;http://falabella.scene7.com/is/image/Falabella/6496012_1?$producto308$;28/06/2018 09:03;Market Place;J13;MUEBLES;J1304;COMPLEMENTOS;J130405;SILLAS DISEÑO;MK Silla Eames Apoyabrazo Vintage Replica
6496011;MK Silla Eames Apoyabrazo Vintage Replica;Silla Eames Apoyabrazo Vintage Replica;Fernapet;cat5140006;Sillas Diseño;Despublicado;;; 24990.0;;NORMAL;;http://falabella.scene7.com/is/image/Falabella/6496011_1?$producto308$;28/06/2018 09:03;Market Place;J13;MUEBLES;J1304;COMPLEMENTOS;J130405;SILLAS DISEÑO;MK Silla Eames Apoyabrazo Vintage Replica
6496010;MK Silla Eames Apoyabrazo Vintage Replica;Silla Eames Apoyabrazo Vintage Replica;Fernapet;cat5140006;Sillas Diseño;Publicado;;       24990.0;;NORMAL;;http://falabella.scene7.com/is/image/Falabella/6496010_1?$producto308$;28/06/2018 09:03;Market Place;J13;MUEBLES;J1304;COMPLEMENTOS;J130405;SILLAS DISEÑO;MK Silla Eames Apoyabrazo Vintage Replica
6537309;MK Scooter Electrico Patineta Bluetooth Autobalanc;Scooter Eléctrico Patineta Bluetooth Autobalance;Fernapet;cat6930456;Scooters;Publicado;;    160990.0;;NORMAL;;http://falabella.scene7.com/is/image/Falabella/6537309_1?$producto308$;02/07/2018 12:57;Market Place;J03;DEPORTES;J0306;TIEMPO LIBRE;J030604;RODADOS;MK Scooter Electrico Patineta Bluetooth Autobalanc
6537308;MK Scooter Electrico Patineta Bluetooth Autobalanc;Scooter Eléctrico Patineta Bluetooth Autobalance;Fernapet;cat6930456;Scooters;Publicado;;    160990.0;;NORMAL;;http://falabella.scene7.com/is/image/Falabella/6537308_1?$producto308$;02/07/2018 12:57;Market Place;J03;DEPORTES;J0306;TIEMPO LIBRE;J030604;RODADOS;MK Scooter Electrico Patineta Bluetooth Autobalanc
6537307;MK Scooter Electrico Patineta Bluetooth Autobalanc;Scooter Eléctrico Patineta Bluetooth Autobalance;Fernapet;cat6930456;Scooters;Publicado;;    160990.0;;NORMAL;;http://falabella.scene7.com/is/image/Falabella/6537307_1?$producto308$;02/07/2018 12:57;Market Place;J03;DEPORTES;J0306;TIEMPO LIBRE;J030604;RODADOS;MK Scooter Electrico Patineta Bluetooth Autobalanc
6537306;MK Scooter Electrico Patineta Bluetooth Autobalanc;Scooter Eléctrico Patineta Bluetooth Autobalance;Fernapet;cat6930456;Scooters;Despublicado;;      160990.0;;NORMAL;;http://falabella.scene7.com/is/image/Falabella/6537306_1?$producto308$;02/07/2018 12:57;Market Place;J03;DEPORTES;J0306;TIEMPO LIBRE;J030604;RODADOS;MK Scooter Electrico Patineta Bluetooth Autobalanc
6537304;MK Scooter Electrico Patineta Bluetooth Autobalanc;Scooter Eléctrico Patineta Bluetooth Autobalance;Fernapet;cat6930456;Scooters;Publicado;;    160990.0;;NORMAL;;http://falabella.scene7.com/is/image/Falabella/6537304_1?$producto308$;02/07/2018 12:57;Market Place;J03;DEPORTES;J0306;TIEMPO LIBRE;J030604;RODADOS;MK Scooter Electrico Patineta Bluetooth Autobalanc
6537302;MK Scooter Electrico Patineta Bluetooth Autobalanc;Scooter Eléctrico Patineta Bluetooth Autobalance;Fernapet;cat6930456;Scooters;Publicado;;    160990.0;;NORMAL;;http://falabella.scene7.com/is/image/Falabella/6537302_1?$producto308$;02/07/2018 12:57;Market Place;J03;DEPORTES;J0306;TIEMPO LIBRE;J030604;RODADOS;MK Scooter Electrico Patineta Bluetooth Autobalanc
6537315;MK Funda Asiento Auto Diseño Gris Universal 62718;Funda Asiento Auto Diseño Gris Universal 62718;Fernapet;cat3007;Accesorios Auto;Publicado;;;   18990.0;;NORMAL;;http://falabella.scene7.com/is/image/Falabella/6537315_1?$producto308$;28/06/2018 10:35;Market Place;J17;REGALOS;J1701;REGALERIA;J170108;ADORNOS;MK Funda Asiento Auto Diseño Gris Universal 62718
6537311;MK Funda Universal Cubre Asientos Auto 62721;Funda Universal Cubre Asientos Auto 62721;Fernapet;cat3007;Accesorios Auto;Publicado;;     18990.0;;NORMAL;;http://falabella.scene7.com/is/image/Falabella/6537311_1?$producto308$;28/06/2018 09:05;Market Place;J17;REGALOS;J1701;REGALERIA;J170108;ADORNOS;MK Funda Universal Cubre Asientos Auto 62721
6534916;MK Radio Auto Fm Mp3 Usb Sd Aux 50w 13106;Radio Auto Fm Mp3 Usb Sd Aux 50w 13106;Fernapet;cat3202;Radios de Auto;Publicado;;       14990.0;;NORMAL;;http://falabella.scene7.com/is/image/Falabella/6534916_1?$producto308$;28/06/2018 09:02;Market Place;J11;ELECTRO HOGAR;J1102;AUDIO;J110206;CAR AUDIO;MK Radio Auto Fm Mp3 Usb Sd Aux 50w 13106
6534913;MK Radio Auto Fm Mp3 Usb Aux Sd Card Audio 68240;Radio Auto Fm Mp3 Usb Aux Sd Card Audio 68240;Fernapet;cat3202;Radios de Auto;Publicado;;;   15990.0;;NORMAL;;http://falabella.scene7.com/is/image/Falabella/6534913_1?$producto308$;28/06/2018 09:05;Market Place;J11;ELECTRO HOGAR;J1102;AUDIO;J110206;CAR AUDIO;MK Radio Auto Fm Mp3 Usb Aux Sd Card Audio 68240
6536902;MK Inflador Globos Eléctrico 2 Inyectores 30601;Inflador Globos Eléctrico 2 Inyectores 30601;Fernapet;cat90073;Arte y Manualidades;Publicado;;;14990.0;;NORMAL;;http://falabella.scene7.com/is/image/Falabella/6536902_1?$producto308$;28/06/2018 10:34;Market Place;J11;ELECTRO HOGAR;J1109;ELECTRODOMESTICOS;J110901;ELECT.MENORES;MK Inflador Globos Eléctrico 2 Inyectores 30601
6536897;MK Maquina De Humo 1200 Watts Control Remoto 03524;Maquina De Humo 1200 Watts Control Remoto 03524;Fernapet;cat2034;Electrodomésticos;Publicado;;      70990.0;;NORMAL;;http://falabella.scene7.com/is/image/Falabella/6536897_1?$producto308$;28/06/2018 09:03;Market Place;J11;ELECTRO HOGAR;J1109;ELECTRODOMESTICOS;J110901;ELECT.MENORES;MK Maquina De Humo 1200 Watts Control Remoto 03524
6536896;MK Maquina De Humo 1500 Watts Control Remoto 03528;Maquina De Humo 1500 Watts Control Remoto 03528;Fernapet;cat2034;Electrodomésticos;Publicado;;      82990.0;;NORMAL;;http://falabella.scene7.com/is/image/Falabella/6536896_1?$producto308$;28/06/2018 09:03;Market Place;J11;ELECTRO HOGAR;J1109;ELECTRODOMESTICOS;J110901;ELECT.MENORES;MK Maquina De Humo 1500 Watts Control Remoto 03528
6537171;MK Mesa Comedor Rectangular Madera  6 Sillas;Mesa Comedor Rectangular Madera + 6 Sillas;Fernapet;cat3149;Mesas de Comedor;Despublicado;;; 171990.0;;NORMAL;;http://falabella.scene7.com/is/image/Falabella/6537171_1?$producto308$;02/07/2018 12:51;Market Place;J13;MUEBLES;J1302;COMEDOR;J130201;MESA DE COMEDOR;MK Mesa Comedor Rectangular Madera  6 Sillas
6537169;MK Mesa Comedor Rectangular Madera  6 Sillas;Mesa Comedor Rectangular Madera + 6 Sillas;Fernapet;cat3149;Mesas de Comedor;Despublicado;;; 171990.0;;NORMAL;;http://falabella.scene7.com/is/image/Falabella/6537169_1?$producto308$;02/07/2018 12:51;Market Place;J13;MUEBLES;J1302;COMEDOR;J130201;MESA DE COMEDOR;MK Mesa Comedor Rectangular Madera  6 Sillas
6537167;MK Mesa Comedor Rectangular Madera  6 Sillas;Mesa Comedor Rectangular Madera + 6 Sillas;Fernapet;cat3149;Mesas de Comedor;Despublicado;;; 171990.0;;NORMAL;;http://falabella.scene7.com/is/image/Falabella/6537167_1?$producto308$;02/07/2018 12:51;Market Place;J13;MUEBLES;J1302;COMEDOR;J130201;MESA DE COMEDOR;MK Mesa Comedor Rectangular Madera  6 Sillas
6496029;MK Silla Madera Flex Patio Terraza Jardin;Silla Madera Flex Patio Terraza Jardin;Fernapet;cat1180036;Sillas terraza;Publicado;;       26990.0;;NORMAL;;http://falabella.scene7.com/is/image/Falabella/6496029_1?$producto308$;28/06/2018 09:03;Market Place;J13;MUEBLES;J1307;TERRAZA;J130702;MADERA;MK Silla Madera Flex Patio Terraza Jardin
6496028;MK Silla Madera Flex Patio Terraza Jardin;Silla Madera Flex Patio Terraza Jardin;Fernapet;cat1180036;Sillas terraza;Publicado;;       26990.0;;NORMAL;;http://falabella.scene7.com/is/image/Falabella/6496028_1?$producto308$;28/06/2018 09:03;Market Place;J13;MUEBLES;J1307;TERRAZA;J130702;MADERA;MK Silla Madera Flex Patio Terraza Jardin
6496027;MK Silla Madera Flex Patio Terraza Jardin;Silla Madera Flex Patio Terraza Jardin;Fernapet;cat1180036;Sillas terraza;Publicado;;       26990.0;;NORMAL;;http://falabella.scene7.com/is/image/Falabella/6496027_1?$producto308$;28/06/2018 09:03;Market Place;J13;MUEBLES;J1307;TERRAZA;J130702;MADERA;MK Silla Madera Flex Patio Terraza Jardin
6496026;MK Silla Madera Flex Patio Terraza Jardin;Silla Madera Flex Patio Terraza Jardin;Fernapet;cat1180036;Sillas terraza;Publicado;;       26990.0;;NORMAL;;http://falabella.scene7.com/is/image/Falabella/6496026_1?$producto308$;28/06/2018 09:03;Market Place;J13;MUEBLES;J1307;TERRAZA;J130702;MADERA;MK Silla Madera Flex Patio Terraza Jardin
6541406;MK Parlante Barra Bluetooth Aiwa Mp3 Usb Aux 21297;Parlante Barra Bluetooth Aiwa Mp3 Usb Aux 21297;AIWA;cat3171;Parlantes Bluetooth;Publicado;;;   36990.0;;NORMAL;;http://falabella.scene7.com/is/image/Falabella/6541406_1?$producto308$;02/07/2018 12:57;Market Place;J11;ELECTRO HOGAR;J1114;ACCESORIOS;J111401;ACCESORIOS AUDIO;MK Parlante Barra Bluetooth Aiwa Mp3 Usb Aux 21297
6537289;MK Termolaminadora Anilladora Guillotina Insumos;Termolaminadora Anilladora Guillotina Insumos;Fernapet;cat90073;Arte y Manualidades;Publicado;;      103990.0;;NORMAL;;http://falabella.scene7.com/is/image/Falabella/6537289_1?$producto308$;02/07/2018 12:57;Market Place;J17;REGALOS;J1701;REGALERIA;J170108;ADORNOS;MK Termolaminadora Anilladora Guillotina Insumos
6536899;MK Maquina De Humo 400 Watts Control Alambrico 035;Maquina De Humo 400 Watts Control Alambrico 03513;Fernapet;cat2034;Electrodomésticos;Publicado;;;  22990.0;;NORMAL;;http://falabella.scene7.com/is/image/Falabella/6536899_1?$producto308$;28/06/2018 09:04;Market Place;J11;ELECTRO HOGAR;J1109;ELECTRODOMESTICOS;J110901;ELECT.MENORES;MK Maquina De Humo 400 Watts Control Alambrico 035
6537283;MK Termolaminadora A4 Anilladora 198 Anillos 30970;Termolaminadora A4 Anilladora 198 Anillos 30970;Fernapet;cat90073;Arte y Manualidades;Publicado;;       77990.0;;NORMAL;;http://falabella.scene7.com/is/image/Falabella/6537283_1?$producto308$;02/07/2018 12:57;Market Place;J17;REGALOS;J1701;REGALERIA;J170108;ADORNOS;MK Termolaminadora A4 Anilladora 198 Anillos 30970
6618173;MK PEDIGREE Cachorro Con calcio y prebióticos;Pedigree Cachorro con Calcio y Prebióticos;Fernapet;cat9360005;Alimentos y snacks;Despublicado;;;35990.0;;NORMAL;;http://falabella.scene7.com/is/image/Falabella/6618173_1?$producto308$;01/08/2018 01:25;Market Place;J17;REGALOS;J1701;REGALERIA;J170112;REGALOS INFANTILES;MK PEDIGREE Cachorro Con calcio y prebióticos
6618174;MK Pedigree Alimento Perro Adulto Carne Pollo Cere;Pedigree Alimento Perro Adulto Carne Pollo Cere;Fernapet;cat9360005;Alimentos y snacks;Despublicado;;;  30990.0;;NORMAL;;http://falabella.scene7.com/is/image/Falabella/6618174_1?$producto308$;01/08/2018 01:25;Market Place;J17;REGALOS;J1701;REGALERIA;J170112;REGALOS INFANTILES;MK Pedigree Alimento Perro Adulto Carne Pollo Cere
6668878;MK Torre Rascador Gatos 4 Niveles 111.5cm Yq14711;Torre Rascador Gatos 4 Niveles 111.5cm Yq14711;Fernapet;cat9360001;Mundo Mascotas;Publicado;;      47990.0;;NORMAL;;http://falabella.scene7.com/is/image/Falabella/6668878_1?$producto308$;21/08/2018 00:33;Market Place;J17;REGALOS;J1701;REGALERIA;J170108;ADORNOS;MK Torre Rascador Gatos 4 Niveles 111.5cm Yq14711
6674577;MK Cargador Bateria Portatil Awei P92k 10.000 9422;Cargador Bateria Portatil Awei P92k 10.000 94223 G;Fernapet;cat7230057;Baterias Externas;Publicado;;     19990.0;;NORMAL;;http://falabella.scene7.com/is/image/Falabella/6674577_1?$producto308$;23/08/2018 22:14;Market Place;J11;ELECTRO HOGAR;J1114;ACCESORIOS;J111408;ACCESORIOS CELULARES;MK Cargador Bateria Portatil Awei P92k 10.000 9422
6674571;MK Cargador Bateria Portatil Awei P54k 10.000 9422;Cargador Bateria Portatil Awei P54k 10.000 94226 A;Fernapet;cat7230057;Baterias Externas;Publicado;;     24990.0;;NORMAL;;http://falabella.scene7.com/is/image/Falabella/6674571_1?$producto308$;23/08/2018 22:16;Market Place;J11;ELECTRO HOGAR;J1114;ACCESORIOS;J111408;ACCESORIOS CELULARES;MK Cargador Bateria Portatil Awei P54k 10.000 9422
6674575;MK Cargador Bateria Portatil Awei P92k 10.000 9422;Cargador Bateria Portatil Awei P92k 10.000 94223 D;Fernapet;cat7230057;Baterias Externas;Publicado;;     19990.0;;NORMAL;;http://falabella.scene7.com/is/image/Falabella/6674575_1?$producto308$;23/08/2018 22:14;Market Place;J11;ELECTRO HOGAR;J1114;ACCESORIOS;J111408;ACCESORIOS CELULARES;MK Cargador Bateria Portatil Awei P92k 10.000 9422
6674569;MK Cargador Inalambrico Awei P59k 10000mah 94222 B;Cargador Inalambrico Awei P59k 10000mah 94222 B;Fernapet;cat7230057;Baterias Externas;Publicado;;       29990.0;;NORMAL;;http://falabella.scene7.com/is/image/Falabella/6674569_1?$producto308$;23/08/2018 22:16;Market Place;J11;ELECTRO HOGAR;J1114;ACCESORIOS;J111408;ACCESORIOS CELULARES;MK Cargador Inalambrico Awei P59k 10000mah 94222 B
